Workbook
Name ListeKunden: OFFSET([1]Kundenübersicht!$E$4,0,0,MAX(ROW([1]Kundenübersicht!A1048576:A996)*([1]Kundenübersicht!A1048576:A996<>""))-3)

Sheet Tabelle1
V2: =SUMIF($I$4:$I$1494,"Hauswirtschaft",$V$4:$V$1494) -> 29130.375 | W2: =SUMIF($I$4:$I$1494,"Alltagsbegleitung",$V$4:$V$1494) -> 8410.5 | AE2: FILTER FÜR ABRECHNUNG! | AF2: FILTER FÜR ABRECHNUNG!
B3: Kunde | C3: Datum | D3: Start | E3: Ende | F3: Stunden | G3: Kilometer | H3: Senioren Engel | I3: Art | J3: Budget | K3: Pflegekasse - Name | L3: Pflegekasse - IK | M3: Versichertennummer | N3: Pflegegrad | P3: Durchgeführt | R3: Leistungsnachweis | S3: Ablage | U3: €/h | V3: Umsatz | W3: Umsatz Km | X3: Vertragstyp | Z3: Abgerechnet | AA3: Datum | AC3: Bezahlt | AE3: Monat/Jahr | AF3: Monat/Jahr | AG3: =H3 -> Senioren Engel | AJ3: Budgettopf
B4: 00001|Rosemarie|Schröder | C4: 45797 | D4: 0.41666667 | E4: 0.5 | F4: =(E4-D4)*24 -> 2 | H4: Celina Panther | I4: Hauswirtschaft | J4: Entlastungsleistung | K4: =VLOOKUP($B4,[1]Kundenübersicht!$E$4:$AC$1003,MATCH(K$3,[1]Kundenübersicht!$E$3:$BA$3,FALSE),FALSE) -> Barmer Pflegekasse | L4: =VLOOKUP(B4,[1]Kundenübersicht!$E$4:$AC$1003,MATCH(L$3,[1]Kundenübersicht!$E$3:$BA$3,FALSE),FALSE) -> 184940005 | M4: =VLOOKUP(B4,[1]Kundenübersicht!$E$4:$AC$1003,MATCH(M$3,[1]Kundenübersicht!$E$3:$BA$3,FALSE),FALSE) -> Z817157321 | N4: =VLOOKUP(B4,[1]Kundenübersicht!$E$4:$AC$1003,MATCH(N$3,[1]Kundenübersicht!$E$3:$BA$3,FALSE),FALSE) -> PG 1 | P4: Ja | R4: Unterschrieben | S4: Link | U4: =IF(YEAR(C4)<=2025,IFERROR(IF(I4="Hauswirtschaft",VLOOKUP($B4,[1]Kundenübersicht!$E$4:$BA$1003,MATCH("Hauswirtschaft [€/Stunde]",[1]Kundenübersicht!$E$3:$BA$3,FALSE),FALSE),VLOOKUP($B4,[1]Kundenübersicht!$E$4:$BA$1003,MATCH("Alltagsbegleitung [€/Stunde]",[1]Kundenübersicht!$E$3:$BA$3,FALSE),FALSE)),0),IFERROR(IF(I4="Hauswirtschaft",VLOOKUP($B4,[1]Kundenübersicht!$E$4:$BA$1003,MATCH("HW ab 2026 [€/Stunde]",[1]Kundenübersicht!$E$3:$BA$3,FALSE),FALSE),VLOOKUP($B4,[1]Kundenübersicht!$E$4:$BA$1003,MATCH("Alltagsbegleitung [€/Stunde]",[1]Kundenübersicht!$E$3:$BA$3,FALSE),FALSE)),0)) -> 32.75 | V4: =U4*F4 -> 65.5 | W4: =IF(AND(YEAR(C4)<=2025,X4="Alt"),0,G4*0.35) -> 0 | X4: =VLOOKUP(B4,[1]Kundenübersicht!E:AG,MATCH($X$3,[1]Kundenübersicht!$E$3:$AY$3,0),FALSE) -> Alt | Z4: Ja | AA4: 45959 | AC4: 45981 | AE4: =YEAR(C4) -> 2025 | AF4: =IF(MONTH(C4)<=9,"0"&MONTH(C4)&"."&YEAR(C4),MONTH(C4)&"."&YEAR(C4)) -> 05.2025 | AG4: =IF(H4="","",H4) -> Celina Panther | AH4: =IFERROR(VLOOKUP(B4,[1]Kundenübersicht!$E$4:$F$85,2,FALSE),"") -> Rosemarie Schröder | AI4: =IF(I4="","",I4) -> Hauswirtschaft | AJ4: =IF(J4="","",J4) -> Entlastungsleistung | AL4: =IF(I4="Hauswirtschaft",38,42) -> 38 | AM4: =AL4*F4 -> 76 | AN4: =G4*0.35 -> 0
B5: 00001|Rosemarie|Schröder | C5: 45804 | D5: 0.41666667 | E5: 0.5 | F5: =(E5-D5)*24 -> 2 | H5: Celina Panther | I5: Hauswirtschaft | J5: Entlastungsleistung | K5: =VLOOKUP($B5,[1]Kundenübersicht!$E$4:$AC$1003,MATCH(K$3,[1]Kundenübersicht!$E$3:$BA$3,FALSE),FALSE) -> Barmer Pflegekasse | L5: =VLOOKUP(B5,[1]Kundenübersicht!$E$4:$AC$1003,MATCH(L$3,[1]Kundenübersicht!$E$3:$BA$3,FALSE),FALSE) -> 184940005 | M5: =VLOOKUP(B5,[1]Kundenübersicht!$E$4:$AC$1003,MATCH(M$3,[1]Kundenübersicht!$E$3:$BA$3,FALSE),FALSE) -> Z817157321 | N5: =VLOOKUP(B5,[1]Kundenübersicht!$E$4:$AC$1003,MATCH(N$3,[1]Kundenübersicht!$E$3:$BA$3,FALSE),FALSE) -> PG 1 | P5: Ja | R5: Unterschrieben | S5: Link | U5: =IF(YEAR(C5)<=2025,IFERROR(IF(I5="Hauswirtschaft",VLOOKUP($B5,[1]Kundenübersicht!$E$4:$BA$1003,MATCH("Hauswirtschaft [€/Stunde]",[1]Kundenübersicht!$E$3:$BA$3,FALSE),FALSE),VLOOKUP($B5,[1]Kundenübersicht!$E$4:$BA$1003,MATCH("Alltagsbegleitung [€/Stunde]",[1]Kundenübersicht!$E$3:$BA$3,FALSE),FALSE)),0),IFERROR(IF(I5="Hauswirtschaft",VLOOKUP($B5,[1]Kundenübersicht!$E$4:$BA$1003,MATCH("HW ab 2026 [€/Stunde]",[1]Kundenübersicht!$E$3:$BA$3,FALSE),FALSE),VLOOKUP($B5,[1]Kundenübersicht!$E$4:$BA$1003,MATCH("Alltagsbegleitung [€/Stunde]",[1]Kundenübersicht!$E$3:$BA$3,FALSE),FALSE)),0)) -> 32.75 | V5: =U5*F5 -> 65.5 | W5: =IF(AND(YEAR(C5)<=2025,X5="Alt"),0,G5*0.35) -> 0 | X5: =VLOOKUP(B5,[1]Kundenübersicht!E:AG,MATCH($X$3,[1]Kundenübersicht!$E$3:$AY$3,0),FALSE) -> Alt | Z5: Ja | AA5: 45959 | AC5: 45981 | AE5: =YEAR(C5) -> 2025 | AF5: =IF(MONTH(C5)<=9,"0"&MONTH(C5)&"."&YEAR(C5),MONTH(C5)&"."&YEAR(C5)) -> 05.2025 | AG5: =IF(H5="","",H5) -> Celina Panther | AH5: =IFERROR(VLOOKUP(B5,[1]Kundenübersicht!$E$4:$F$85,2,FALSE),"") -> Rosemarie Schröder | AI5: =IF(I5="","",I5) -> Hauswirtschaft | AJ5: =IF(J5="","",J5) -> Entlastungsleistung | AL5: =IF(I5="Hauswirtschaft",38,42) -> 38 | AM5: =AL5*F5 -> 76 | AN5: =G5*0.35 -> 0
B6: 00002|Wolfgang|Nagler | C6: 45813 | D6: 0.41666667 | E6: 0.54166667 | F6: =(E6-D6)*24 -> 3 | H6: Christiane Fiebag | I6: Hauswirtschaft | J6: Entlastungsleistung | K6: =VLOOKUP($B6,[1]Kundenübersicht!$E$4:$AC$1003,MATCH(K$3,[1]Kundenübersicht!$E$3:$BA$3,FALSE),FALSE) -> IKK Classic | L6: =VLOOKUP(B6,[1]Kundenübersicht!$E$4:$AC$1003,MATCH(L$3,[1]Kundenübersicht!$E$3:$BA$3,FALSE),FALSE) -> 187202793 | M6: =VLOOKUP(B6,[1]Kundenübersicht!$E$4:$AC$1003,MATCH(M$3,[1]Kundenübersicht!$E$3:$BA$3,FALSE),FALSE) -> A268233642 | N6: =VLOOKUP(B6,[1]Kundenübersicht!$E$4:$AC$1003,MATCH(N$3,[1]Kundenübersicht!$E$3:$BA$3,FALSE),FALSE) -> PG 2 | P6: Ja | R6: Unterschrieben | S6: Link | U6: =IF(YEAR(C6)<=2025,IFERROR(IF(I6="Hauswirtschaft",VLOOKUP($B6,[1]Kundenübersicht!$E$4:$BA$1003,MATCH("Hauswirtschaft [€/Stunde]",[1]Kundenübersicht!$E$3:$BA$3,FALSE),FALSE),VLOOKUP($B6,[1]Kundenübersicht!$E$4:$BA$1003,MATCH("Alltagsbegleitung [€/Stunde]",[1]Kundenübersicht!$E$3:$BA$3,FALSE),FALSE)),0),IFERROR(IF(I6="Hauswirtschaft",VLOOKUP($B6,[1]Kundenübersicht!$E$4:$BA$1003,MATCH("HW ab 2026 [€/Stunde]",[1]Kundenübersicht!$E$3:$BA$3,FALSE),FALSE),VLOOKUP($B6,[1]Kundenübersicht!$E$4:$BA$1003,MATCH("Alltagsbegleitung [€/Stunde]",[1]Kundenübersicht!$E$3:$BA$3,FALSE),FALSE)),0)) -> 32.75 | V6: =U6*F6 -> 98.25 | W6: =IF(AND(YEAR(C6)<=2025,X6="Alt"),0,G6*0.35) -> 0 | X6: =VLOOKUP(B6,[1]Kundenübersicht!E:AG,MATCH($X$3,[1]Kundenübersicht!$E$3:$AY$3,0),FALSE) -> Alt | Z6: Ja | AA6: 45979 | AC6: 45995 | AE6: =YEAR(C6) -> 2025 | AF6: =IF(MONTH(C6)<=9,"0"&MONTH(C6)&"."&YEAR(C6),MONTH(C6)&"."&YEAR(C6)) -> 06.2025 | AG6: =IF(H6="","",H6) -> Christiane Fiebag | AH6: =IFERROR(VLOOKUP(B6,[1]Kundenübersicht!$E$4:$F$85,2,FALSE),"") -> Wolfgang Nagler | AI6: =IF(I6="","",I6) -> Hauswirtschaft | AJ6: =IF(J6="","",J6) -> Entlastungsleistung | AL6: =IF(I6="Hauswirtschaft",38,42) -> 38 | AM6: =AL6*F6 -> 114 | AN6: =G6*0.35 -> 0
B7: 00001|Rosemarie|Schröder | C7: 45814 | D7: 0.41666667 | E7: 0.5 | F7: =(E7-D7)*24 -> 2 | H7: Celina Panther | I7: Hauswirtschaft | J7: Entlastungsleistung | K7: =VLOOKUP($B7,[1]Kundenübersicht!$E$4:$AC$1003,MATCH(K$3,[1]Kundenübersicht!$E$3:$BA$3,FALSE),FALSE) -> Barmer Pflegekasse | L7: =VLOOKUP(B7,[1]Kundenübersicht!$E$4:$AC$1003,MATCH(L$3,[1]Kundenübersicht!$E$3:$BA$3,FALSE),FALSE) -> 184940005 | M7: =VLOOKUP(B7,[1]Kundenübersicht!$E$4:$AC$1003,MATCH(M$3,[1]Kundenübersicht!$E$3:$BA$3,FALSE),FALSE) -> Z817157321 | N7: =VLOOKUP(B7,[1]Kundenübersicht!$E$4:$AC$1003,MATCH(N$3,[1]Kundenübersicht!$E$3:$BA$3,FALSE),FALSE) -> PG 1 | P7: Ja | R7: Unterschrieben | S7: Link | U7: =IF(YEAR(C7)<=2025,IFERROR(IF(I7="Hauswirtschaft",VLOOKUP($B7,[1]Kundenübersicht!$E$4:$BA$1003,MATCH("Hauswirtschaft [€/Stunde]",[1]Kundenübersicht!$E$3:$BA$3,FALSE),FALSE),VLOOKUP($B7,[1]Kundenübersicht!$E$4:$BA$1003,MATCH("Alltagsbegleitung [€/Stunde]",[1]Kundenübersicht!$E$3:$BA$3,FALSE),FALSE)),0),IFERROR(IF(I7="Hauswirtschaft",VLOOKUP($B7,[1]Kundenübersicht!$E$4:$BA$1003,MATCH("HW ab 2026 [€/Stunde]",[1]Kundenübersicht!$E$3:$BA$3,FALSE),FALSE),VLOOKUP($B7,[1]Kundenübersicht!$E$4:$BA$1003,MATCH("Alltagsbegleitung [€/Stunde]",[1]Kundenübersicht!$E$3:$BA$3,FALSE),FALSE)),0)) -> 32.75 | V7: =U7*F7 -> 65.5 | W7: =IF(AND(YEAR(C7)<=2025,X7="Alt"),0,G7*0.35) -> 0 | X7: =VLOOKUP(B7,[1]Kundenübersicht!E:AG,MATCH($X$3,[1]Kundenübersicht!$E$3:$AY$3,0),FALSE) -> Alt | Z7: Ja | AA7: 45959 | AC7: 45981 | AE7: =YEAR(C7) -> 2025 | AF7: =IF(MONTH(C7)<=9,"0"&MONTH(C7)&"."&YEAR(C7),MONTH(C7)&"."&YEAR(C7)) -> 06.2025 | AG7: =IF(H7="","",H7) -> Celina Panther | AH7: =IFERROR(VLOOKUP(B7,[1]Kundenübersicht!$E$4:$F$85,2,FALSE),"") -> Rosemarie Schröder | AI7: =IF(I7="","",I7) -> Hauswirtschaft | AJ7: =IF(J7="","",J7) -> Entlastungsleistung | AL7: =IF(I7="Hauswirtschaft",38,42) -> 38 | AM7: =AL7*F7 -> 76 | AN7: =G7*0.35 -> 0
B8: 00006|Dieter|Berghold | C8: 45818 | D8: 0.45833333 | E8: 0.5 | F8: =(E8-D8)*24 -> 1 | H8: Christiane Fiebag | I8: Hauswirtschaft | J8: Entlastungsleistung | K8: =VLOOKUP($B8,[1]Kundenübersicht!$E$4:$AC$1003,MATCH(K$3,[1]Kundenübersicht!$E$3:$BA$3,FALSE),FALSE) -> AOK PLUS | L8: =VLOOKUP(B8,[1]Kundenübersicht!$E$4:$AC$1003,MATCH(L$3,[1]Kundenübersicht!$E$3:$BA$3,FALSE),FALSE) -> 107299005 | M8: =VLOOKUP(B8,[1]Kundenübersicht!$E$4:$AC$1003,MATCH(M$3,[1]Kundenübersicht!$E$3:$BA$3,FALSE),FALSE) -> R234942678 | N8: =VLOOKUP(B8,[1]Kundenübersicht!$E$4:$AC$1003,MATCH(N$3,[1]Kundenübersicht!$E$3:$BA$3,FALSE),FALSE) -> PG 2 | P8: Ja | R8: Unterschrieben | S8: Link | U8: =IF(YEAR(C8)<=2025,IFERROR(IF(I8="Hauswirtschaft",VLOOKUP($B8,[1]Kundenübersicht!$E$4:$BA$1003,MATCH("Hauswirtschaft [€/Stunde]",[1]Kundenübersicht!$E$3:$BA$3,FALSE),FALSE),VLOOKUP($B8,[1]Kundenübersicht!$E$4:$BA$1003,MATCH("Alltagsbegleitung [€/Stunde]",[1]Kundenübersicht!$E$3:$BA$3,FALSE),FALSE)),0),IFERROR(IF(I8="Hauswirtschaft",VLOOKUP($B8,[1]Kundenübersicht!$E$4:$BA$1003,MATCH("HW ab 2026 [€/Stunde]",[1]Kundenübersicht!$E$3:$BA$3,FALSE),FALSE),VLOOKUP($B8,[1]Kundenübersicht!$E$4:$BA$1003,MATCH("Alltagsbegleitung [€/Stunde]",[1]Kundenübersicht!$E$3:$BA$3,FALSE),FALSE)),0)) -> 32.75 | V8: =U8*F8 -> 32.75 | W8: =IF(AND(YEAR(C8)<=2025,X8="Alt"),0,G8*0.35) -> 0 | X8: =VLOOKUP(B8,[1]Kundenübersicht!E:AG,MATCH($X$3,[1]Kundenübersicht!$E$3:$AY$3,0),FALSE) -> Alt | Z8: Ja | AC8: 45917 | AE8: =YEAR(C8) -> 2025 | AF8: =IF(MONTH(C8)<=9,"0"&MONTH(C8)&"."&YEAR(C8),MONTH(C8)&"."&YEAR(C8)) -> 06.2025 | AG8: =IF(H8="","",H8) -> Christiane Fiebag | AH8: =IFERROR(VLOOKUP(B8,[1]Kundenübersicht!$E$4:$F$85,2,FALSE),"") -> Dieter Berghold | AI8: =IF(I8="","",I8) -> Hauswirtschaft | AJ8: =IF(J8="","",J8) -> Entlastungsleistung | AL8: =IF(I8="Hauswirtschaft",38,42) -> 38 | AM8: =AL8*F8 -> 38 | AN8: =G8*0.35 -> 0
B9: 00007|Elke|Berghold | C9: 45818 | D9: 0.5 | E9: 0.54166667 | F9: =(E9-D9)*24 -> 1 | H9: Christiane Fiebag | I9: Hauswirtschaft | J9: Entlastungsleistung | K9: =VLOOKUP($B9,[1]Kundenübersicht!$E$4:$AC$1003,MATCH(K$3,[1]Kundenübersicht!$E$3:$BA$3,FALSE),FALSE) -> AOK PLUS | L9: =VLOOKUP(B9,[1]Kundenübersicht!$E$4:$AC$1003,MATCH(L$3,[1]Kundenübersicht!$E$3:$BA$3,FALSE),FALSE) -> 107299005 | M9: =VLOOKUP(B9,[1]Kundenübersicht!$E$4:$AC$1003,MATCH(M$3,[1]Kundenübersicht!$E$3:$BA$3,FALSE),FALSE) -> P722909118 | N9: =VLOOKUP(B9,[1]Kundenübersicht!$E$4:$AC$1003,MATCH(N$3,[1]Kundenübersicht!$E$3:$BA$3,FALSE),FALSE) -> PG 3 | P9: Ja | R9: Unterschrieben | S9: Link | U9: =IF(YEAR(C9)<=2025,IFERROR(IF(I9="Hauswirtschaft",VLOOKUP($B9,[1]Kundenübersicht!$E$4:$BA$1003,MATCH("Hauswirtschaft [€/Stunde]",[1]Kundenübersicht!$E$3:$BA$3,FALSE),FALSE),VLOOKUP($B9,[1]Kundenübersicht!$E$4:$BA$1003,MATCH("Alltagsbegleitung [€/Stunde]",[1]Kundenübersicht!$E$3:$BA$3,FALSE),FALSE)),0),IFERROR(IF(I9="Hauswirtschaft",VLOOKUP($B9,[1]Kundenübersicht!$E$4:$BA$1003,MATCH("HW ab 2026 [€/Stunde]",[1]Kundenübersicht!$E$3:$BA$3,FALSE),FALSE),VLOOKUP($B9,[1]Kundenübersicht!$E$4:$BA$1003,MATCH("Alltagsbegleitung [€/Stunde]",[1]Kundenübersicht!$E$3:$BA$3,FALSE),FALSE)),0)) -> 32.75 | V9: =U9*F9 -> 32.75 | W9: =IF(AND(YEAR(C9)<=2025,X9="Alt"),0,G9*0.35) -> 0 | X9: =VLOOKUP(B9,[1]Kundenübersicht!E:AG,MATCH($X$3,[1]Kundenübersicht!$E$3:$AY$3,0),FALSE) -> Alt | Z9: Ja | AC9: 45917 | AE9: =YEAR(C9) -> 2025 | AF9: =IF(MONTH(C9)<=9,"0"&MONTH(C9)&"."&YEAR(C9),MONTH(C9)&"."&YEAR(C9)) -> 06.2025 | AG9: =IF(H9="","",H9) -> Christiane Fiebag | AH9: =IFERROR(VLOOKUP(B9,[1]Kundenübersicht!$E$4:$F$85,2,FALSE),"") -> Elke Berghold | AI9: =IF(I9="","",I9) -> Hauswirtschaft | AJ9: =IF(J9="","",J9) -> Entlastungsleistung | AL9: =IF(I9="Hauswirtschaft",38,42) -> 38 | AM9: =AL9*F9 -> 38 | AN9: =G9*0.35 -> 0
B10: 00004|Ingrid|Haufe | C10: 45821 | D10: 0.41666667 | E10: 0.5 | F10: =(E10-D10)*24 -> 2 | H10: Celina Panther | I10: Hauswirtschaft | J10: Entlastungsleistung | K10: =VLOOKUP($B10,[1]Kundenübersicht!$E$4:$AC$1003,MATCH(K$3,[1]Kundenübersicht!$E$3:$BA$3,FALSE),FALSE) -> IKK Classic | L10: =VLOOKUP(B10,[1]Kundenübersicht!$E$4:$AC$1003,MATCH(L$3,[1]Kundenübersicht!$E$3:$BA$3,FALSE),FALSE) -> 187202793 | M10: =VLOOKUP(B10,[1]Kundenübersicht!$E$4:$AC$1003,MATCH(M$3,[1]Kundenübersicht!$E$3:$BA$3,FALSE),FALSE) -> X365499146 | N10: =VLOOKUP(B10,[1]Kundenübersicht!$E$4:$AC$1003,MATCH(N$3,[1]Kundenübersicht!$E$3:$BA$3,FALSE),FALSE) -> PG 1 | P10: Ja | R10: Unterschrieben | S10: Link | U10: =IF(YEAR(C10)<=2025,IFERROR(IF(I10="Hauswirtschaft",VLOOKUP($B10,[1]Kundenübersicht!$E$4:$BA$1003,MATCH("Hauswirtschaft [€/Stunde]",[1]Kundenübersicht!$E$3:$BA$3,FALSE),FALSE),VLOOKUP($B10,[1]Kundenübersicht!$E$4:$BA$1003,MATCH("Alltagsbegleitung [€/Stunde]",[1]Kundenübersicht!$E$3:$BA$3,FALSE),FALSE)),0),IFERROR(IF(I10="Hauswirtschaft",VLOOKUP($B10,[1]Kundenübersicht!$E$4:$BA$1003,MATCH("HW ab 2026 [€/Stunde]",[1]Kundenübersicht!$E$3:$BA$3,FALSE),FALSE),VLOOKUP($B10,[1]Kundenübersicht!$E$4:$BA$1003,MATCH("Alltagsbegleitung [€/Stunde]",[1]Kundenübersicht!$E$3:$BA$3,FALSE),FALSE)),0)) -> 32.75 | V10: =U10*F10 -> 65.5 | W10: =IF(AND(YEAR(C10)<=2025,X10="Alt"),0,G10*0.35) -> 0 | X10: =VLOOKUP(B10,[1]Kundenübersicht!E:AG,MATCH($X$3,[1]Kundenübersicht!$E$3:$AY$3,0),FALSE) -> Alt | Z10: Ja | AA10: 45979 | AC10: 45995 | AE10: =YEAR(C10) -> 2025 | AF10: =IF(MONTH(C10)<=9,"0"&MONTH(C10)&"."&YEAR(C10),MONTH(C10)&"."&YEAR(C10)) -> 06.2025 | AG10: =IF(H10="","",H10) -> Celina Panther | AH10: =IFERROR(VLOOKUP(B10,[1]Kundenübersicht!$E$4:$F$85,2,FALSE),"") -> Ingrid Haufe | AI10: =IF(I10="","",I10) -> Hauswirtschaft | AJ10: =IF(J10="","",J10) -> Entlastungsleistung | AL10: =IF(I10="Hauswirtschaft",38,42) -> 38 | AM10: =AL10*F10 -> 76 | AN10: =G10*0.35 -> 0
B11: 00005|Lothar|Haufe | C11: 45821 | D11: 0.41666667 | E11: 0.5 | F11: =(E11-D11)*24 -> 2 | H11: Celina Panther | I11: Hauswirtschaft | J11: Entlastungsleistung | K11: =VLOOKUP($B11,[1]Kundenübersicht!$E$4:$AC$1003,MATCH(K$3,[1]Kundenübersicht!$E$3:$BA$3,FALSE),FALSE) -> IKK Classic | L11: =VLOOKUP(B11,[1]Kundenübersicht!$E$4:$AC$1003,MATCH(L$3,[1]Kundenübersicht!$E$3:$BA$3,FALSE),FALSE) -> 187202793 | M11: =VLOOKUP(B11,[1]Kundenübersicht!$E$4:$AC$1003,MATCH(M$3,[1]Kundenübersicht!$E$3:$BA$3,FALSE),FALSE) -> E434900220 | N11: =VLOOKUP(B11,[1]Kundenübersicht!$E$4:$AC$1003,MATCH(N$3,[1]Kundenübersicht!$E$3:$BA$3,FALSE),FALSE) -> PG 1 | P11: Ja | R11: Unterschrieben | S11: Link | U11: =IF(YEAR(C11)<=2025,IFERROR(IF(I11="Hauswirtschaft",VLOOKUP($B11,[1]Kundenübersicht!$E$4:$BA$1003,MATCH("Hauswirtschaft [€/Stunde]",[1]Kundenübersicht!$E$3:$BA$3,FALSE),FALSE),VLOOKUP($B11,[1]Kundenübersicht!$E$4:$BA$1003,MATCH("Alltagsbegleitung [€/Stunde]",[1]Kundenübersicht!$E$3:$BA$3,FALSE),FALSE)),0),IFERROR(IF(I11="Hauswirtschaft",VLOOKUP($B11,[1]Kundenübersicht!$E$4:$BA$1003,MATCH("HW ab 2026 [€/Stunde]",[1]Kundenübersicht!$E$3:$BA$3,FALSE),FALSE),VLOOKUP($B11,[1]Kundenübersicht!$E$4:$BA$1003,MATCH("Alltagsbegleitung [€/Stunde]",[1]Kundenübersicht!$E$3:$BA$3,FALSE),FALSE)),0)) -> 32.75 | V11: =U11*F11 -> 65.5 | W11: =IF(AND(YEAR(C11)<=2025,X11="Alt"),0,G11*0.35) -> 0 | X11: =VLOOKUP(B11,[1]Kundenübersicht!E:AG,MATCH($X$3,[1]Kundenübersicht!$E$3:$AY$3,0),FALSE) -> Alt | Z11: Ja | AA11: 45979 | AC11: 45995 | AE11: =YEAR(C11) -> 2025 | AF11: =IF(MONTH(C11)<=9,"0"&MONTH(C11)&"."&YEAR(C11),MONTH(C11)&"."&YEAR(C11)) -> 06.2025 | AG11: =IF(H11="","",H11) -> Celina Panther | AH11: =IFERROR(VLOOKUP(B11,[1]Kundenübersicht!$E$4:$F$85,2,FALSE),"") -> Lothar Haufe | AI11: =IF(I11="","",I11) -> Hauswirtschaft | AJ11: =IF(J11="","",J11) -> Entlastungsleistung | AL11: =IF(I11="Hauswirtschaft",38,42) -> 38 | AM11: =AL11*F11 -> 76 | AN11: =G11*0.35 -> 0
B12: 00007|Elke|Berghold | C12: 45824 | D12: 0.45833333 | E12: 0.5 | F12: =(E12-D12)*24 -> 1 | H12: Christiane Fiebag | I12: Hauswirtschaft | J12: Entlastungsleistung | K12: =VLOOKUP($B12,[1]Kundenübersicht!$E$4:$AC$1003,MATCH(K$3,[1]Kundenübersicht!$E$3:$BA$3,FALSE),FALSE) -> AOK PLUS | L12: =VLOOKUP(B12,[1]Kundenübersicht!$E$4:$AC$1003,MATCH(L$3,[1]Kundenübersicht!$E$3:$BA$3,FALSE),FALSE) -> 107299005 | M12: =VLOOKUP(B12,[1]Kundenübersicht!$E$4:$AC$1003,MATCH(M$3,[1]Kundenübersicht!$E$3:$BA$3,FALSE),FALSE) -> P722909118 | N12: =VLOOKUP(B12,[1]Kundenübersicht!$E$4:$AC$1003,MATCH(N$3,[1]Kundenübersicht!$E$3:$BA$3,FALSE),FALSE) -> PG 3 | P12: Ja | R12: Unterschrieben | S12: Link | U12: =IF(YEAR(C12)<=2025,IFERROR(IF(I12="Hauswirtschaft",VLOOKUP($B12,[1]Kundenübersicht!$E$4:$BA$1003,MATCH("Hauswirtschaft [€/Stunde]",[1]Kundenübersicht!$E$3:$BA$3,FALSE),FALSE),VLOOKUP($B12,[1]Kundenübersicht!$E$4:$BA$1003,MATCH("Alltagsbegleitung [€/Stunde]",[1]Kundenübersicht!$E$3:$BA$3,FALSE),FALSE)),0),IFERROR(IF(I12="Hauswirtschaft",VLOOKUP($B12,[1]Kundenübersicht!$E$4:$BA$1003,MATCH("HW ab 2026 [€/Stunde]",[1]Kundenübersicht!$E$3:$BA$3,FALSE),FALSE),VLOOKUP($B12,[1]Kundenübersicht!$E$4:$BA$1003,MATCH("Alltagsbegleitung [€/Stunde]",[1]Kundenübersicht!$E$3:$BA$3,FALSE),FALSE)),0)) -> 32.75 | V12: =U12*F12 -> 32.75 | W12: =IF(AND(YEAR(C12)<=2025,X12="Alt"),0,G12*0.35) -> 0 | X12: =VLOOKUP(B12,[1]Kundenübersicht!E:AG,MATCH($X$3,[1]Kundenübersicht!$E$3:$AY$3,0),FALSE) -> Alt | Z12: Ja | AC12: 45917 | AE12: =YEAR(C12) -> 2025 | AF12: =IF(MONTH(C12)<=9,"0"&MONTH(C12)&"."&YEAR(C12),MONTH(C12)&"."&YEAR(C12)) -> 06.2025 | AG12: =IF(H12="","",H12) -> Christiane Fiebag | AH12: =IFERROR(VLOOKUP(B12,[1]Kundenübersicht!$E$4:$F$85,2,FALSE),"") -> Elke Berghold | AI12: =IF(I12="","",I12) -> Hauswirtschaft | AJ12: =IF(J12="","",J12) -> Entlastungsleistung | AL12: =IF(I12="Hauswirtschaft",38,42) -> 38 | AM12: =AL12*F12 -> 38 | AN12: =G12*0.35 -> 0
B13: 00006|Dieter|Berghold | C13: 45824 | D13: 0.5 | E13: 0.54166667 | F13: =(E13-D13)*24 -> 1 | H13: Christiane Fiebag | I13: Hauswirtschaft | J13: Entlastungsleistung | K13: =VLOOKUP($B13,[1]Kundenübersicht!$E$4:$AC$1003,MATCH(K$3,[1]Kundenübersicht!$E$3:$BA$3,FALSE),FALSE) -> AOK PLUS | L13: =VLOOKUP(B13,[1]Kundenübersicht!$E$4:$AC$1003,MATCH(L$3,[1]Kundenübersicht!$E$3:$BA$3,FALSE),FALSE) -> 107299005 | M13: =VLOOKUP(B13,[1]Kundenübersicht!$E$4:$AC$1003,MATCH(M$3,[1]Kundenübersicht!$E$3:$BA$3,FALSE),FALSE) -> R234942678 | N13: =VLOOKUP(B13,[1]Kundenübersicht!$E$4:$AC$1003,MATCH(N$3,[1]Kundenübersicht!$E$3:$BA$3,FALSE),FALSE) -> PG 2 | P13: Ja | R13: Unterschrieben | S13: Link | U13: =IF(YEAR(C13)<=2025,IFERROR(IF(I13="Hauswirtschaft",VLOOKUP($B13,[1]Kundenübersicht!$E$4:$BA$1003,MATCH("Hauswirtschaft [€/Stunde]",[1]Kundenübersicht!$E$3:$BA$3,FALSE),FALSE),VLOOKUP($B13,[1]Kundenübersicht!$E$4:$BA$1003,MATCH("Alltagsbegleitung [€/Stunde]",[1]Kundenübersicht!$E$3:$BA$3,FALSE),FALSE)),0),IFERROR(IF(I13="Hauswirtschaft",VLOOKUP($B13,[1]Kundenübersicht!$E$4:$BA$1003,MATCH("HW ab 2026 [€/Stunde]",[1]Kundenübersicht!$E$3:$BA$3,FALSE),FALSE),VLOOKUP($B13,[1]Kundenübersicht!$E$4:$BA$1003,MATCH("Alltagsbegleitung [€/Stunde]",[1]Kundenübersicht!$E$3:$BA$3,FALSE),FALSE)),0)) -> 32.75 | V13: =U13*F13 -> 32.75 | W13: =IF(AND(YEAR(C13)<=2025,X13="Alt"),0,G13*0.35) -> 0 | X13: =VLOOKUP(B13,[1]Kundenübersicht!E:AG,MATCH($X$3,[1]Kundenübersicht!$E$3:$AY$3,0),FALSE) -> Alt | Z13: Ja | AC13: 45917 | AE13: =YEAR(C13) -> 2025 | AF13: =IF(MONTH(C13)<=9,"0"&MONTH(C13)&"."&YEAR(C13),MONTH(C13)&"."&YEAR(C13)) -> 06.2025 | AG13: =IF(H13="","",H13) -> Christiane Fiebag | AH13: =IFERROR(VLOOKUP(B13,[1]Kundenübersicht!$E$4:$F$85,2,FALSE),"") -> Dieter Berghold | AI13: =IF(I13="","",I13) -> Hauswirtschaft | AJ13: =IF(J13="","",J13) -> Entlastungsleistung | AL13: =IF(I13="Hauswirtschaft",38,42) -> 38 | AM13: =AL13*F13 -> 38 | AN13: =G13*0.35 -> 0
B14: 00001|Rosemarie|Schröder | C14: 45824 | D14: 0.41666667 | E14: 0.5 | F14: =(E14-D14)*24 -> 2 | H14: Celina Panther | I14: Hauswirtschaft | J14: Entlastungsleistung | K14: =VLOOKUP($B14,[1]Kundenübersicht!$E$4:$AC$1003,MATCH(K$3,[1]Kundenübersicht!$E$3:$BA$3,FALSE),FALSE) -> Barmer Pflegekasse | L14: =VLOOKUP(B14,[1]Kundenübersicht!$E$4:$AC$1003,MATCH(L$3,[1]Kundenübersicht!$E$3:$BA$3,FALSE),FALSE) -> 184940005 | M14: =VLOOKUP(B14,[1]Kundenübersicht!$E$4:$AC$1003,MATCH(M$3,[1]Kundenübersicht!$E$3:$BA$3,FALSE),FALSE) -> Z817157321 | N14: =VLOOKUP(B14,[1]Kundenübersicht!$E$4:$AC$1003,MATCH(N$3,[1]Kundenübersicht!$E$3:$BA$3,FALSE),FALSE) -> PG 1 | P14: Ja | R14: Unterschrieben | S14: Link | U14: =IF(YEAR(C14)<=2025,IFERROR(IF(I14="Hauswirtschaft",VLOOKUP($B14,[1]Kundenübersicht!$E$4:$BA$1003,MATCH("Hauswirtschaft [€/Stunde]",[1]Kundenübersicht!$E$3:$BA$3,FALSE),FALSE),VLOOKUP($B14,[1]Kundenübersicht!$E$4:$BA$1003,MATCH("Alltagsbegleitung [€/Stunde]",[1]Kundenübersicht!$E$3:$BA$3,FALSE),FALSE)),0),IFERROR(IF(I14="Hauswirtschaft",VLOOKUP($B14,[1]Kundenübersicht!$E$4:$BA$1003,MATCH("HW ab 2026 [€/Stunde]",[1]Kundenübersicht!$E$3:$BA$3,FALSE),FALSE),VLOOKUP($B14,[1]Kundenübersicht!$E$4:$BA$1003,MATCH("Alltagsbegleitung [€/Stunde]",[1]Kundenübersicht!$E$3:$BA$3,FALSE),FALSE)),0)) -> 32.75 | V14: =U14*F14 -> 65.5 | W14: =IF(AND(YEAR(C14)<=2025,X14="Alt"),0,G14*0.35) -> 0 | X14: =VLOOKUP(B14,[1]Kundenübersicht!E:AG,MATCH($X$3,[1]Kundenübersicht!$E$3:$AY$3,0),FALSE) -> Alt | Z14: Ja | AA14: 45959 | AC14: 45981 | AE14: =YEAR(C14) -> 2025 | AF14: =IF(MONTH(C14)<=9,"0"&MONTH(C14)&"."&YEAR(C14),MONTH(C14)&"."&YEAR(C14)) -> 06.2025 | AG14: =IF(H14="","",H14) -> Celina Panther | AH14: =IFERROR(VLOOKUP(B14,[1]Kundenübersicht!$E$4:$F$85,2,FALSE),"") -> Rosemarie Schröder | AI14: =IF(I14="","",I14) -> Hauswirtschaft | AJ14: =IF(J14="","",J14) -> Entlastungsleistung | AL14: =IF(I14="Hauswirtschaft",38,42) -> 38 | AM14: =AL14*F14 -> 76 | AN14: =G14*0.35 -> 0
B15: 00008|Christian|Jungnickel | C15: 45828 | D15: 0.33333333 | E15: 0.41666667 | F15: =(E15-D15)*24 -> 2 | H15: Christiane Fiebag | I15: Hauswirtschaft | J15: Entlastungsleistung | K15: =VLOOKUP($B15,[1]Kundenübersicht!$E$4:$AC$1003,MATCH(K$3,[1]Kundenübersicht!$E$3:$BA$3,FALSE),FALSE) -> AOK PLUS | L15: =VLOOKUP(B15,[1]Kundenübersicht!$E$4:$AC$1003,MATCH(L$3,[1]Kundenübersicht!$E$3:$BA$3,FALSE),FALSE) -> 107299005 | M15: =VLOOKUP(B15,[1]Kundenübersicht!$E$4:$AC$1003,MATCH(M$3,[1]Kundenübersicht!$E$3:$BA$3,FALSE),FALSE) -> R782602114 | N15: =VLOOKUP(B15,[1]Kundenübersicht!$E$4:$AC$1003,MATCH(N$3,[1]Kundenübersicht!$E$3:$BA$3,FALSE),FALSE) -> PG 1 | P15: Ja | R15: Unterschrieben | S15: Link | U15: =IF(YEAR(C15)<=2025,IFERROR(IF(I15="Hauswirtschaft",VLOOKUP($B15,[1]Kundenübersicht!$E$4:$BA$1003,MATCH("Hauswirtschaft [€/Stunde]",[1]Kundenübersicht!$E$3:$BA$3,FALSE),FALSE),VLOOKUP($B15,[1]Kundenübersicht!$E$4:$BA$1003,MATCH("Alltagsbegleitung [€/Stunde]",[1]Kundenübersicht!$E$3:$BA$3,FALSE),FALSE)),0),IFERROR(IF(I15="Hauswirtschaft",VLOOKUP($B15,[1]Kundenübersicht!$E$4:$BA$1003,MATCH("HW ab 2026 [€/Stunde]",[1]Kundenübersicht!$E$3:$BA$3,FALSE),FALSE),VLOOKUP($B15,[1]Kundenübersicht!$E$4:$BA$1003,MATCH("Alltagsbegleitung [€/Stunde]",[1]Kundenübersicht!$E$3:$BA$3,FALSE),FALSE)),0)) -> 32.75 | V15: =U15*F15 -> 65.5 | W15: =IF(AND(YEAR(C15)<=2025,X15="Alt"),0,G15*0.35) -> 0 | X15: =VLOOKUP(B15,[1]Kundenübersicht!E:AG,MATCH($X$3,[1]Kundenübersicht!$E$3:$AY$3,0),FALSE) -> Alt | Z15: Ja | AC15: 45917 | AE15: =YEAR(C15) -> 2025 | AF15: =IF(MONTH(C15)<=9,"0"&MONTH(C15)&"."&YEAR(C15),MONTH(C15)&"."&YEAR(C15)) -> 06.2025 | AG15: =IF(H15="","",H15) -> Christiane Fiebag | AH15: =IFERROR(VLOOKUP(B15,[1]Kundenübersicht!$E$4:$F$85,2,FALSE),"") -> Christian Jungnickel | AI15: =IF(I15="","",I15) -> Hauswirtschaft | AJ15: =IF(J15="","",J15) -> Entlastungsleistung | AL15: =IF(I15="Hauswirtschaft",38,42) -> 38 | AM15: =AL15*F15 -> 76 | AN15: =G15*0.35 -> 0
B16: 00004|Ingrid|Haufe | C16: 45828 | D16: 0.41666667 | E16: 0.5 | F16: =(E16-D16)*24 -> 2 | H16: Celina Panther | I16: Hauswirtschaft | J16: Entlastungsleistung | K16: =VLOOKUP($B16,[1]Kundenübersicht!$E$4:$AC$1003,MATCH(K$3,[1]Kundenübersicht!$E$3:$BA$3,FALSE),FALSE) -> IKK Classic | L16: =VLOOKUP(B16,[1]Kundenübersicht!$E$4:$AC$1003,MATCH(L$3,[1]Kundenübersicht!$E$3:$BA$3,FALSE),FALSE) -> 187202793 | M16: =VLOOKUP(B16,[1]Kundenübersicht!$E$4:$AC$1003,MATCH(M$3,[1]Kundenübersicht!$E$3:$BA$3,FALSE),FALSE) -> X365499146 | N16: =VLOOKUP(B16,[1]Kundenübersicht!$E$4:$AC$1003,MATCH(N$3,[1]Kundenübersicht!$E$3:$BA$3,FALSE),FALSE) -> PG 1 | P16: Ja | R16: Unterschrieben | S16: Link | U16: =IF(YEAR(C16)<=2025,IFERROR(IF(I16="Hauswirtschaft",VLOOKUP($B16,[1]Kundenübersicht!$E$4:$BA$1003,MATCH("Hauswirtschaft [€/Stunde]",[1]Kundenübersicht!$E$3:$BA$3,FALSE),FALSE),VLOOKUP($B16,[1]Kundenübersicht!$E$4:$BA$1003,MATCH("Alltagsbegleitung [€/Stunde]",[1]Kundenübersicht!$E$3:$BA$3,FALSE),FALSE)),0),IFERROR(IF(I16="Hauswirtschaft",VLOOKUP($B16,[1]Kundenübersicht!$E$4:$BA$1003,MATCH("HW ab 2026 [€/Stunde]",[1]Kundenübersicht!$E$3:$BA$3,FALSE),FALSE),VLOOKUP($B16,[1]Kundenübersicht!$E$4:$BA$1003,MATCH("Alltagsbegleitung [€/Stunde]",[1]Kundenübersicht!$E$3:$BA$3,FALSE),FALSE)),0)) -> 32.75 | V16: =U16*F16 -> 65.5 | W16: =IF(AND(YEAR(C16)<=2025,X16="Alt"),0,G16*0.35) -> 0 | X16: =VLOOKUP(B16,[1]Kundenübersicht!E:AG,MATCH($X$3,[1]Kundenübersicht!$E$3:$AY$3,0),FALSE) -> Alt | Z16: Ja | AA16: 45979 | AC16: 45995 | AE16: =YEAR(C16) -> 2025 | AF16: =IF(MONTH(C16)<=9,"0"&MONTH(C16)&"."&YEAR(C16),MONTH(C16)&"."&YEAR(C16)) -> 06.2025 | AG16: =IF(H16="","",H16) -> Celina Panther | AH16: =IFERROR(VLOOKUP(B16,[1]Kundenübersicht!$E$4:$F$85,2,FALSE),"") -> Ingrid Haufe | AI16: =IF(I16="","",I16) -> Hauswirtschaft | AJ16: =IF(J16="","",J16) -> Entlastungsleistung | AL16: =IF(I16="Hauswirtschaft",38,42) -> 38 | AM16: =AL16*F16 -> 76 | AN16: =G16*0.35 -> 0
B17: 00005|Lothar|Haufe | C17: 45828 | D17: 0.41666667 | E17: 0.5 | F17: =(E17-D17)*24 -> 2 | H17: Celina Panther | I17: Hauswirtschaft | J17: Entlastungsleistung | K17: =VLOOKUP($B17,[1]Kundenübersicht!$E$4:$AC$1003,MATCH(K$3,[1]Kundenübersicht!$E$3:$BA$3,FALSE),FALSE) -> IKK Classic | L17: =VLOOKUP(B17,[1]Kundenübersicht!$E$4:$AC$1003,MATCH(L$3,[1]Kundenübersicht!$E$3:$BA$3,FALSE),FALSE) -> 187202793 | M17: =VLOOKUP(B17,[1]Kundenübersicht!$E$4:$AC$1003,MATCH(M$3,[1]Kundenübersicht!$E$3:$BA$3,FALSE),FALSE) -> E434900220 | N17: =VLOOKUP(B17,[1]Kundenübersicht!$E$4:$AC$1003,MATCH(N$3,[1]Kundenübersicht!$E$3:$BA$3,FALSE),FALSE) -> PG 1 | P17: Ja | R17: Unterschrieben | S17: Link | U17: =IF(YEAR(C17)<=2025,IFERROR(IF(I17="Hauswirtschaft",VLOOKUP($B17,[1]Kundenübersicht!$E$4:$BA$1003,MATCH("Hauswirtschaft [€/Stunde]",[1]Kundenübersicht!$E$3:$BA$3,FALSE),FALSE),VLOOKUP($B17,[1]Kundenübersicht!$E$4:$BA$1003,MATCH("Alltagsbegleitung [€/Stunde]",[1]Kundenübersicht!$E$3:$BA$3,FALSE),FALSE)),0),IFERROR(IF(I17="Hauswirtschaft",VLOOKUP($B17,[1]Kundenübersicht!$E$4:$BA$1003,MATCH("HW ab 2026 [€/Stunde]",[1]Kundenübersicht!$E$3:$BA$3,FALSE),FALSE),VLOOKUP($B17,[1]Kundenübersicht!$E$4:$BA$1003,MATCH("Alltagsbegleitung [€/Stunde]",[1]Kundenübersicht!$E$3:$BA$3,FALSE),FALSE)),0)) -> 32.75 | V17: =U17*F17 -> 65.5 | W17: =IF(AND(YEAR(C17)<=2025,X17="Alt"),0,G17*0.35) -> 0 | X17: =VLOOKUP(B17,[1]Kundenübersicht!E:AG,MATCH($X$3,[1]Kundenübersicht!$E$3:$AY$3,0),FALSE) -> Alt | Z17: Ja | AA17: 45979 | AC17: 45995 | AE17: =YEAR(C17) -> 2025 | AF17: =IF(MONTH(C17)<=9,"0"&MONTH(C17)&"."&YEAR(C17),MONTH(C17)&"."&YEAR(C17)) -> 06.2025 | AG17: =IF(H17="","",H17) -> Celina Panther | AH17: =IFERROR(VLOOKUP(B17,[1]Kundenübersicht!$E$4:$F$85,2,FALSE),"") -> Lothar Haufe | AI17: =IF(I17="","",I17) -> Hauswirtschaft | AJ17: =IF(J17="","",J17) -> Entlastungsleistung | AL17: =IF(I17="Hauswirtschaft",38,42) -> 38 | AM17: =AL17*F17 -> 76 | AN17: =G17*0.35 -> 0
B18: 00006|Dieter|Berghold | C18: 45831 | D18: 0.54166667 | E18: 0.58333333 | F18: =(E18-D18)*24 -> 1 | H18: Christiane Fiebag | I18: Hauswirtschaft | J18: Entlastungsleistung | K18: =VLOOKUP($B18,[1]Kundenübersicht!$E$4:$AC$1003,MATCH(K$3,[1]Kundenübersicht!$E$3:$BA$3,FALSE),FALSE) -> AOK PLUS | L18: =VLOOKUP(B18,[1]Kundenübersicht!$E$4:$AC$1003,MATCH(L$3,[1]Kundenübersicht!$E$3:$BA$3,FALSE),FALSE) -> 107299005 | M18: =VLOOKUP(B18,[1]Kundenübersicht!$E$4:$AC$1003,MATCH(M$3,[1]Kundenübersicht!$E$3:$BA$3,FALSE),FALSE) -> R234942678 | N18: =VLOOKUP(B18,[1]Kundenübersicht!$E$4:$AC$1003,MATCH(N$3,[1]Kundenübersicht!$E$3:$BA$3,FALSE),FALSE) -> PG 2 | P18: Ja | R18: Unterschrieben | S18: Link | U18: =IF(YEAR(C18)<=2025,IFERROR(IF(I18="Hauswirtschaft",VLOOKUP($B18,[1]Kundenübersicht!$E$4:$BA$1003,MATCH("Hauswirtschaft [€/Stunde]",[1]Kundenübersicht!$E$3:$BA$3,FALSE),FALSE),VLOOKUP($B18,[1]Kundenübersicht!$E$4:$BA$1003,MATCH("Alltagsbegleitung [€/Stunde]",[1]Kundenübersicht!$E$3:$BA$3,FALSE),FALSE)),0),IFERROR(IF(I18="Hauswirtschaft",VLOOKUP($B18,[1]Kundenübersicht!$E$4:$BA$1003,MATCH("HW ab 2026 [€/Stunde]",[1]Kundenübersicht!$E$3:$BA$3,FALSE),FALSE),VLOOKUP($B18,[1]Kundenübersicht!$E$4:$BA$1003,MATCH("Alltagsbegleitung [€/Stunde]",[1]Kundenübersicht!$E$3:$BA$3,FALSE),FALSE)),0)) -> 32.75 | V18: =U18*F18 -> 32.75 | W18: =IF(AND(YEAR(C18)<=2025,X18="Alt"),0,G18*0.35) -> 0 | X18: =VLOOKUP(B18,[1]Kundenübersicht!E:AG,MATCH($X$3,[1]Kundenübersicht!$E$3:$AY$3,0),FALSE) -> Alt | Z18: Ja | AC18: 45917 | AE18: =YEAR(C18) -> 2025 | AF18: =IF(MONTH(C18)<=9,"0"&MONTH(C18)&"."&YEAR(C18),MONTH(C18)&"."&YEAR(C18)) -> 06.2025 | AG18: =IF(H18="","",H18) -> Christiane Fiebag | AH18: =IFERROR(VLOOKUP(B18,[1]Kundenübersicht!$E$4:$F$85,2,FALSE),"") -> Dieter Berghold | AI18: =IF(I18="","",I18) -> Hauswirtschaft | AJ18: =IF(J18="","",J18) -> Entlastungsleistung | AL18: =IF(I18="Hauswirtschaft",38,42) -> 38 | AM18: =AL18*F18 -> 38 | AN18: =G18*0.35 -> 0
B19: 00007|Elke|Berghold | C19: 45831 | D19: 0.5 | E19: 0.54166667 | F19: =(E19-D19)*24 -> 1 | H19: Christiane Fiebag | I19: Hauswirtschaft | J19: Entlastungsleistung | K19: =VLOOKUP($B19,[1]Kundenübersicht!$E$4:$AC$1003,MATCH(K$3,[1]Kundenübersicht!$E$3:$BA$3,FALSE),FALSE) -> AOK PLUS | L19: =VLOOKUP(B19,[1]Kundenübersicht!$E$4:$AC$1003,MATCH(L$3,[1]Kundenübersicht!$E$3:$BA$3,FALSE),FALSE) -> 107299005 | M19: =VLOOKUP(B19,[1]Kundenübersicht!$E$4:$AC$1003,MATCH(M$3,[1]Kundenübersicht!$E$3:$BA$3,FALSE),FALSE) -> P722909118 | N19: =VLOOKUP(B19,[1]Kundenübersicht!$E$4:$AC$1003,MATCH(N$3,[1]Kundenübersicht!$E$3:$BA$3,FALSE),FALSE) -> PG 3 | P19: Ja | R19: Unterschrieben | S19: Link | U19: =IF(YEAR(C19)<=2025,IFERROR(IF(I19="Hauswirtschaft",VLOOKUP($B19,[1]Kundenübersicht!$E$4:$BA$1003,MATCH("Hauswirtschaft [€/Stunde]",[1]Kundenübersicht!$E$3:$BA$3,FALSE),FALSE),VLOOKUP($B19,[1]Kundenübersicht!$E$4:$BA$1003,MATCH("Alltagsbegleitung [€/Stunde]",[1]Kundenübersicht!$E$3:$BA$3,FALSE),FALSE)),0),IFERROR(IF(I19="Hauswirtschaft",VLOOKUP($B19,[1]Kundenübersicht!$E$4:$BA$1003,MATCH("HW ab 2026 [€/Stunde]",[1]Kundenübersicht!$E$3:$BA$3,FALSE),FALSE),VLOOKUP($B19,[1]Kundenübersicht!$E$4:$BA$1003,MATCH("Alltagsbegleitung [€/Stunde]",[1]Kundenübersicht!$E$3:$BA$3,FALSE),FALSE)),0)) -> 32.75 | V19: =U19*F19 -> 32.75 | W19: =IF(AND(YEAR(C19)<=2025,X19="Alt"),0,G19*0.35) -> 0 | X19: =VLOOKUP(B19,[1]Kundenübersicht!E:AG,MATCH($X$3,[1]Kundenübersicht!$E$3:$AY$3,0),FALSE) -> Alt | Z19: Ja | AC19: 45917 | AE19: =YEAR(C19) -> 2025 | AF19: =IF(MONTH(C19)<=9,"0"&MONTH(C19)&"."&YEAR(C19),MONTH(C19)&"."&YEAR(C19)) -> 06.2025 | AG19: =IF(H19="","",H19) -> Christiane Fiebag | AH19: =IFERROR(VLOOKUP(B19,[1]Kundenübersicht!$E$4:$F$85,2,FALSE),"") -> Elke Berghold | AI19: =IF(I19="","",I19) -> Hauswirtschaft | AJ19: =IF(J19="","",J19) -> Entlastungsleistung | AL19: =IF(I19="Hauswirtschaft",38,42) -> 38 | AM19: =AL19*F19 -> 38 | AN19: =G19*0.35 -> 0
B20: 00010|Helga|Dienelt | C20: 45833 | D20: 0.63541667 | E20: 0.67708333 | F20: =(E20-D20)*24 -> 1 | H20: Franziska Wächtler | I20: Alltagsbegleitung | J20: Entlastungsleistung | K20: =VLOOKUP($B20,[1]Kundenübersicht!$E$4:$AC$1003,MATCH(K$3,[1]Kundenübersicht!$E$3:$BA$3,FALSE),FALSE) -> AOK PLUS | L20: =VLOOKUP(B20,[1]Kundenübersicht!$E$4:$AC$1003,MATCH(L$3,[1]Kundenübersicht!$E$3:$BA$3,FALSE),FALSE) -> 107299005 | M20: =VLOOKUP(B20,[1]Kundenübersicht!$E$4:$AC$1003,MATCH(M$3,[1]Kundenübersicht!$E$3:$BA$3,FALSE),FALSE) -> Q445657677 | N20: =VLOOKUP(B20,[1]Kundenübersicht!$E$4:$AC$1003,MATCH(N$3,[1]Kundenübersicht!$E$3:$BA$3,FALSE),FALSE) -> PG 2 | P20: Ja | R20: Unterschrieben | S20: Link | U20: =IF(YEAR(C20)<=2025,IFERROR(IF(I20="Hauswirtschaft",VLOOKUP($B20,[1]Kundenübersicht!$E$4:$BA$1003,MATCH("Hauswirtschaft [€/Stunde]",[1]Kundenübersicht!$E$3:$BA$3,FALSE),FALSE),VLOOKUP($B20,[1]Kundenübersicht!$E$4:$BA$1003,MATCH("Alltagsbegleitung [€/Stunde]",[1]Kundenübersicht!$E$3:$BA$3,FALSE),FALSE)),0),IFERROR(IF(I20="Hauswirtschaft",VLOOKUP($B20,[1]Kundenübersicht!$E$4:$BA$1003,MATCH("HW ab 2026 [€/Stunde]",[1]Kundenübersicht!$E$3:$BA$3,FALSE),FALSE),VLOOKUP($B20,[1]Kundenübersicht!$E$4:$BA$1003,MATCH("Alltagsbegleitung [€/Stunde]",[1]Kundenübersicht!$E$3:$BA$3,FALSE),FALSE)),0)) -> 42 | V20: =U20*F20 -> 42 | W20: =IF(AND(YEAR(C20)<=2025,X20="Alt"),0,G20*0.35) -> 0 | X20: =VLOOKUP(B20,[1]Kundenübersicht!E:AG,MATCH($X$3,[1]Kundenübersicht!$E$3:$AY$3,0),FALSE) -> Alt | Z20: Ja | AC20: 45917 | AE20: =YEAR(C20) -> 2025 | AF20: =IF(MONTH(C20)<=9,"0"&MONTH(C20)&"."&YEAR(C20),MONTH(C20)&"."&YEAR(C20)) -> 06.2025 | AG20: =IF(H20="","",H20) -> Franziska Wächtler | AH20: =IFERROR(VLOOKUP(B20,[1]Kundenübersicht!$E$4:$F$85,2,FALSE),"") -> Helga Dienelt | AI20: =IF(I20="","",I20) -> Alltagsbegleitung | AJ20: =IF(J20="","",J20) -> Entlastungsleistung | AL20: =IF(I20="Hauswirtschaft",38,42) -> 42 | AM20: =AL20*F20 -> 42 | AN20: =G20*0.35 -> 0
B21: 00011|Martin|Schmidt | C21: 45838 | D21: 0.59375 | E21: 0.63541667 | F21: =(E21-D21)*24 -> 1 | H21: Christiane Fiebag | I21: Hauswirtschaft | J21: Entlastungsleistung | K21: =VLOOKUP($B21,[1]Kundenübersicht!$E$4:$AC$1003,MATCH(K$3,[1]Kundenübersicht!$E$3:$BA$3,FALSE),FALSE) -> Techniker Krankenkasse | L21: =VLOOKUP(B21,[1]Kundenübersicht!$E$4:$AC$1003,MATCH(L$3,[1]Kundenübersicht!$E$3:$BA$3,FALSE),FALSE) -> 101575519 | M21: =VLOOKUP(B21,[1]Kundenübersicht!$E$4:$AC$1003,MATCH(M$3,[1]Kundenübersicht!$E$3:$BA$3,FALSE),FALSE) -> E759973784 | N21: =VLOOKUP(B21,[1]Kundenübersicht!$E$4:$AC$1003,MATCH(N$3,[1]Kundenübersicht!$E$3:$BA$3,FALSE),FALSE) -> PG 2 | P21: Ja | R21: Unterschrieben | S21: Link | U21: =IF(YEAR(C21)<=2025,IFERROR(IF(I21="Hauswirtschaft",VLOOKUP($B21,[1]Kundenübersicht!$E$4:$BA$1003,MATCH("Hauswirtschaft [€/Stunde]",[1]Kundenübersicht!$E$3:$BA$3,FALSE),FALSE),VLOOKUP($B21,[1]Kundenübersicht!$E$4:$BA$1003,MATCH("Alltagsbegleitung [€/Stunde]",[1]Kundenübersicht!$E$3:$BA$3,FALSE),FALSE)),0),IFERROR(IF(I21="Hauswirtschaft",VLOOKUP($B21,[1]Kundenübersicht!$E$4:$BA$1003,MATCH("HW ab 2026 [€/Stunde]",[1]Kundenübersicht!$E$3:$BA$3,FALSE),FALSE),VLOOKUP($B21,[1]Kundenübersicht!$E$4:$BA$1003,MATCH("Alltagsbegleitung [€/Stunde]",[1]Kundenübersicht!$E$3:$BA$3,FALSE),FALSE)),0)) -> 32.75 | V21: =U21*F21 -> 32.75 | W21: =IF(AND(YEAR(C21)<=2025,X21="Alt"),0,G21*0.35) -> 0 | X21: =VLOOKUP(B21,[1]Kundenübersicht!E:AG,MATCH($X$3,[1]Kundenübersicht!$E$3:$AY$3,0),FALSE) -> Alt | Z21: Ja | AA21: 45950 | AC21: 45972 | AE21: =YEAR(C21) -> 2025 | AF21: =IF(MONTH(C21)<=9,"0"&MONTH(C21)&"."&YEAR(C21),MONTH(C21)&"."&YEAR(C21)) -> 06.2025 | AG21: =IF(H21="","",H21) -> Christiane Fiebag | AH21: =IFERROR(VLOOKUP(B21,[1]Kundenübersicht!$E$4:$F$85,2,FALSE),"") -> Martin Schmidt | AI21: =IF(I21="","",I21) -> Hauswirtschaft | AJ21: =IF(J21="","",J21) -> Entlastungsleistung | AL21: =IF(I21="Hauswirtschaft",38,42) -> 38 | AM21: =AL21*F21 -> 38 | AN21: =G21*0.35 -> 0
B22: 00010|Helga|Dienelt | C22: 45840 | D22: 0.63541667 | E22: 0.67708333 | F22: =(E22-D22)*24 -> 1 | H22: Franziska Wächtler | I22: Alltagsbegleitung | J22: Entlastungsleistung | K22: =VLOOKUP($B22,[1]Kundenübersicht!$E$4:$AC$1003,MATCH(K$3,[1]Kundenübersicht!$E$3:$BA$3,FALSE),FALSE) -> AOK PLUS | L22: =VLOOKUP(B22,[1]Kundenübersicht!$E$4:$AC$1003,MATCH(L$3,[1]Kundenübersicht!$E$3:$BA$3,FALSE),FALSE) -> 107299005 | M22: =VLOOKUP(B22,[1]Kundenübersicht!$E$4:$AC$1003,MATCH(M$3,[1]Kundenübersicht!$E$3:$BA$3,FALSE),FALSE) -> Q445657677 | N22: =VLOOKUP(B22,[1]Kundenübersicht!$E$4:$AC$1003,MATCH(N$3,[1]Kundenübersicht!$E$3:$BA$3,FALSE),FALSE) -> PG 2 | P22: Ja | R22: Unterschrieben | S22: Link | U22: =IF(YEAR(C22)<=2025,IFERROR(IF(I22="Hauswirtschaft",VLOOKUP($B22,[1]Kundenübersicht!$E$4:$BA$1003,MATCH("Hauswirtschaft [€/Stunde]",[1]Kundenübersicht!$E$3:$BA$3,FALSE),FALSE),VLOOKUP($B22,[1]Kundenübersicht!$E$4:$BA$1003,MATCH("Alltagsbegleitung [€/Stunde]",[1]Kundenübersicht!$E$3:$BA$3,FALSE),FALSE)),0),IFERROR(IF(I22="Hauswirtschaft",VLOOKUP($B22,[1]Kundenübersicht!$E$4:$BA$1003,MATCH("HW ab 2026 [€/Stunde]",[1]Kundenübersicht!$E$3:$BA$3,FALSE),FALSE),VLOOKUP($B22,[1]Kundenübersicht!$E$4:$BA$1003,MATCH("Alltagsbegleitung [€/Stunde]",[1]Kundenübersicht!$E$3:$BA$3,FALSE),FALSE)),0)) -> 42 | V22: =U22*F22 -> 42 | W22: =IF(AND(YEAR(C22)<=2025,X22="Alt"),0,G22*0.35) -> 0 | X22: =VLOOKUP(B22,[1]Kundenübersicht!E:AG,MATCH($X$3,[1]Kundenübersicht!$E$3:$AY$3,0),FALSE) -> Alt | Z22: Ja | AC22: 45917 | AE22: =YEAR(C22) -> 2025 | AF22: =IF(MONTH(C22)<=9,"0"&MONTH(C22)&"."&YEAR(C22),MONTH(C22)&"."&YEAR(C22)) -> 07.2025 | AG22: =IF(H22="","",H22) -> Franziska Wächtler | AH22: =IFERROR(VLOOKUP(B22,[1]Kundenübersicht!$E$4:$F$85,2,FALSE),"") -> Helga Dienelt | AI22: =IF(I22="","",I22) -> Alltagsbegleitung | AJ22: =IF(J22="","",J22) -> Entlastungsleistung | AL22: =IF(I22="Hauswirtschaft",38,42) -> 42 | AM22: =AL22*F22 -> 42 | AN22: =G22*0.35 -> 0
B23: 00006|Dieter|Berghold | C23: 45842 | D23: 0.45833333 | E23: 0.5 | F23: =(E23-D23)*24 -> 1 | H23: Christiane Fiebag | I23: Hauswirtschaft | J23: Entlastungsleistung | K23: =VLOOKUP($B23,[1]Kundenübersicht!$E$4:$AC$1003,MATCH(K$3,[1]Kundenübersicht!$E$3:$BA$3,FALSE),FALSE) -> AOK PLUS | L23: =VLOOKUP(B23,[1]Kundenübersicht!$E$4:$AC$1003,MATCH(L$3,[1]Kundenübersicht!$E$3:$BA$3,FALSE),FALSE) -> 107299005 | M23: =VLOOKUP(B23,[1]Kundenübersicht!$E$4:$AC$1003,MATCH(M$3,[1]Kundenübersicht!$E$3:$BA$3,FALSE),FALSE) -> R234942678 | N23: =VLOOKUP(B23,[1]Kundenübersicht!$E$4:$AC$1003,MATCH(N$3,[1]Kundenübersicht!$E$3:$BA$3,FALSE),FALSE) -> PG 2 | P23: Ja | R23: Unterschrieben | S23: Link | U23: =IF(YEAR(C23)<=2025,IFERROR(IF(I23="Hauswirtschaft",VLOOKUP($B23,[1]Kundenübersicht!$E$4:$BA$1003,MATCH("Hauswirtschaft [€/Stunde]",[1]Kundenübersicht!$E$3:$BA$3,FALSE),FALSE),VLOOKUP($B23,[1]Kundenübersicht!$E$4:$BA$1003,MATCH("Alltagsbegleitung [€/Stunde]",[1]Kundenübersicht!$E$3:$BA$3,FALSE),FALSE)),0),IFERROR(IF(I23="Hauswirtschaft",VLOOKUP($B23,[1]Kundenübersicht!$E$4:$BA$1003,MATCH("HW ab 2026 [€/Stunde]",[1]Kundenübersicht!$E$3:$BA$3,FALSE),FALSE),VLOOKUP($B23,[1]Kundenübersicht!$E$4:$BA$1003,MATCH("Alltagsbegleitung [€/Stunde]",[1]Kundenübersicht!$E$3:$BA$3,FALSE),FALSE)),0)) -> 32.75 | V23: =U23*F23 -> 32.75 | W23: =IF(AND(YEAR(C23)<=2025,X23="Alt"),0,G23*0.35) -> 0 | X23: =VLOOKUP(B23,[1]Kundenübersicht!E:AG,MATCH($X$3,[1]Kundenübersicht!$E$3:$AY$3,0),FALSE) -> Alt | Z23: Ja | AA23: 45950 | AC23: 45975 | AE23: =YEAR(C23) -> 2025 | AF23: =IF(MONTH(C23)<=9,"0"&MONTH(C23)&"."&YEAR(C23),MONTH(C23)&"."&YEAR(C23)) -> 07.2025 | AG23: =IF(H23="","",H23) -> Christiane Fiebag | AH23: =IFERROR(VLOOKUP(B23,[1]Kundenübersicht!$E$4:$F$85,2,FALSE),"") -> Dieter Berghold | AI23: =IF(I23="","",I23) -> Hauswirtschaft | AJ23: =IF(J23="","",J23) -> Entlastungsleistung | AL23: =IF(I23="Hauswirtschaft",38,42) -> 38 | AM23: =AL23*F23 -> 38 | AN23: =G23*0.35 -> 0
B24: 00007|Elke|Berghold | C24: 45842 | D24: 0.5 | E24: 0.54166667 | F24: =(E24-D24)*24 -> 1 | H24: Christiane Fiebag | I24: Hauswirtschaft | J24: Entlastungsleistung | K24: =VLOOKUP($B24,[1]Kundenübersicht!$E$4:$AC$1003,MATCH(K$3,[1]Kundenübersicht!$E$3:$BA$3,FALSE),FALSE) -> AOK PLUS | L24: =VLOOKUP(B24,[1]Kundenübersicht!$E$4:$AC$1003,MATCH(L$3,[1]Kundenübersicht!$E$3:$BA$3,FALSE),FALSE) -> 107299005 | M24: =VLOOKUP(B24,[1]Kundenübersicht!$E$4:$AC$1003,MATCH(M$3,[1]Kundenübersicht!$E$3:$BA$3,FALSE),FALSE) -> P722909118 | N24: =VLOOKUP(B24,[1]Kundenübersicht!$E$4:$AC$1003,MATCH(N$3,[1]Kundenübersicht!$E$3:$BA$3,FALSE),FALSE) -> PG 3 | P24: Ja | R24: Unterschrieben | S24: Link | U24: =IF(YEAR(C24)<=2025,IFERROR(IF(I24="Hauswirtschaft",VLOOKUP($B24,[1]Kundenübersicht!$E$4:$BA$1003,MATCH("Hauswirtschaft [€/Stunde]",[1]Kundenübersicht!$E$3:$BA$3,FALSE),FALSE),VLOOKUP($B24,[1]Kundenübersicht!$E$4:$BA$1003,MATCH("Alltagsbegleitung [€/Stunde]",[1]Kundenübersicht!$E$3:$BA$3,FALSE),FALSE)),0),IFERROR(IF(I24="Hauswirtschaft",VLOOKUP($B24,[1]Kundenübersicht!$E$4:$BA$1003,MATCH("HW ab 2026 [€/Stunde]",[1]Kundenübersicht!$E$3:$BA$3,FALSE),FALSE),VLOOKUP($B24,[1]Kundenübersicht!$E$4:$BA$1003,MATCH("Alltagsbegleitung [€/Stunde]",[1]Kundenübersicht!$E$3:$BA$3,FALSE),FALSE)),0)) -> 32.75 | V24: =U24*F24 -> 32.75 | W24: =IF(AND(YEAR(C24)<=2025,X24="Alt"),0,G24*0.35) -> 0 | X24: =VLOOKUP(B24,[1]Kundenübersicht!E:AG,MATCH($X$3,[1]Kundenübersicht!$E$3:$AY$3,0),FALSE) -> Alt | Z24: Ja | AA24: 45950 | AC24: 45975 | AE24: =YEAR(C24) -> 2025 | AF24: =IF(MONTH(C24)<=9,"0"&MONTH(C24)&"."&YEAR(C24),MONTH(C24)&"."&YEAR(C24)) -> 07.2025 | AG24: =IF(H24="","",H24) -> Christiane Fiebag | AH24: =IFERROR(VLOOKUP(B24,[1]Kundenübersicht!$E$4:$F$85,2,FALSE),"") -> Elke Berghold | AI24: =IF(I24="","",I24) -> Hauswirtschaft | AJ24: =IF(J24="","",J24) -> Entlastungsleistung | AL24: =IF(I24="Hauswirtschaft",38,42) -> 38 | AM24: =AL24*F24 -> 38 | AN24: =G24*0.35 -> 0
B25: 00014|Inge|Leupold | C25: 45845 | D25: 0.46875 | E25: 0.51041667 | F25: =(E25-D25)*24 -> 1 | H25: Christiane Fiebag | I25: Hauswirtschaft | J25: Entlastungsleistung | K25: =VLOOKUP($B25,[1]Kundenübersicht!$E$4:$AC$1003,MATCH(K$3,[1]Kundenübersicht!$E$3:$BA$3,FALSE),FALSE) -> AOK PLUS | L25: =VLOOKUP(B25,[1]Kundenübersicht!$E$4:$AC$1003,MATCH(L$3,[1]Kundenübersicht!$E$3:$BA$3,FALSE),FALSE) -> 107299005 | M25: =VLOOKUP(B25,[1]Kundenübersicht!$E$4:$AC$1003,MATCH(M$3,[1]Kundenübersicht!$E$3:$BA$3,FALSE),FALSE) -> I323820679 | N25: =VLOOKUP(B25,[1]Kundenübersicht!$E$4:$AC$1003,MATCH(N$3,[1]Kundenübersicht!$E$3:$BA$3,FALSE),FALSE) -> PG 1 | P25: Ja | R25: Unterschrieben | S25: Link | U25: =IF(YEAR(C25)<=2025,IFERROR(IF(I25="Hauswirtschaft",VLOOKUP($B25,[1]Kundenübersicht!$E$4:$BA$1003,MATCH("Hauswirtschaft [€/Stunde]",[1]Kundenübersicht!$E$3:$BA$3,FALSE),FALSE),VLOOKUP($B25,[1]Kundenübersicht!$E$4:$BA$1003,MATCH("Alltagsbegleitung [€/Stunde]",[1]Kundenübersicht!$E$3:$BA$3,FALSE),FALSE)),0),IFERROR(IF(I25="Hauswirtschaft",VLOOKUP($B25,[1]Kundenübersicht!$E$4:$BA$1003,MATCH("HW ab 2026 [€/Stunde]",[1]Kundenübersicht!$E$3:$BA$3,FALSE),FALSE),VLOOKUP($B25,[1]Kundenübersicht!$E$4:$BA$1003,MATCH("Alltagsbegleitung [€/Stunde]",[1]Kundenübersicht!$E$3:$BA$3,FALSE),FALSE)),0)) -> 32.75 | V25: =U25*F25 -> 32.75 | W25: =IF(AND(YEAR(C25)<=2025,X25="Alt"),0,G25*0.35) -> 0 | X25: =VLOOKUP(B25,[1]Kundenübersicht!E:AG,MATCH($X$3,[1]Kundenübersicht!$E$3:$AY$3,0),FALSE) -> Alt | Z25: Ja | AC25: 45917 | AE25: =YEAR(C25) -> 2025 | AF25: =IF(MONTH(C25)<=9,"0"&MONTH(C25)&"."&YEAR(C25),MONTH(C25)&"."&YEAR(C25)) -> 07.2025 | AG25: =IF(H25="","",H25) -> Christiane Fiebag | AH25: =IFERROR(VLOOKUP(B25,[1]Kundenübersicht!$E$4:$F$85,2,FALSE),"") -> Inge Leupold | AI25: =IF(I25="","",I25) -> Hauswirtschaft | AJ25: =IF(J25="","",J25) -> Entlastungsleistung | AL25: =IF(I25="Hauswirtschaft",38,42) -> 38 | AM25: =AL25*F25 -> 38 | AN25: =G25*0.35 -> 0
B26: 00009|Dieter|Kraft | C26: 45845 | D26: 0.53125 | E26: 0.63541667 | F26: =(E26-D26)*24 -> 2.5 | H26: Christiane Fiebag | I26: Hauswirtschaft | J26: Entlastungsleistung | K26: =VLOOKUP($B26,[1]Kundenübersicht!$E$4:$AC$1003,MATCH(K$3,[1]Kundenübersicht!$E$3:$BA$3,FALSE),FALSE) -> Barmer Pflegekasse | L26: =VLOOKUP(B26,[1]Kundenübersicht!$E$4:$AC$1003,MATCH(L$3,[1]Kundenübersicht!$E$3:$BA$3,FALSE),FALSE) -> 184940005 | M26: =VLOOKUP(B26,[1]Kundenübersicht!$E$4:$AC$1003,MATCH(M$3,[1]Kundenübersicht!$E$3:$BA$3,FALSE),FALSE) -> Y800652371 | N26: =VLOOKUP(B26,[1]Kundenübersicht!$E$4:$AC$1003,MATCH(N$3,[1]Kundenübersicht!$E$3:$BA$3,FALSE),FALSE) -> PG 1 | P26: Ja | R26: Unterschrieben | S26: Link | U26: =IF(YEAR(C26)<=2025,IFERROR(IF(I26="Hauswirtschaft",VLOOKUP($B26,[1]Kundenübersicht!$E$4:$BA$1003,MATCH("Hauswirtschaft [€/Stunde]",[1]Kundenübersicht!$E$3:$BA$3,FALSE),FALSE),VLOOKUP($B26,[1]Kundenübersicht!$E$4:$BA$1003,MATCH("Alltagsbegleitung [€/Stunde]",[1]Kundenübersicht!$E$3:$BA$3,FALSE),FALSE)),0),IFERROR(IF(I26="Hauswirtschaft",VLOOKUP($B26,[1]Kundenübersicht!$E$4:$BA$1003,MATCH("HW ab 2026 [€/Stunde]",[1]Kundenübersicht!$E$3:$BA$3,FALSE),FALSE),VLOOKUP($B26,[1]Kundenübersicht!$E$4:$BA$1003,MATCH("Alltagsbegleitung [€/Stunde]",[1]Kundenübersicht!$E$3:$BA$3,FALSE),FALSE)),0)) -> 32.75 | V26: =U26*F26 -> 81.875 | W26: =IF(AND(YEAR(C26)<=2025,X26="Alt"),0,G26*0.35) -> 0 | X26: =VLOOKUP(B26,[1]Kundenübersicht!E:AG,MATCH($X$3,[1]Kundenübersicht!$E$3:$AY$3,0),FALSE) -> Alt | Z26: Ja | AE26: =YEAR(C26) -> 2025 | AF26: =IF(MONTH(C26)<=9,"0"&MONTH(C26)&"."&YEAR(C26),MONTH(C26)&"."&YEAR(C26)) -> 07.2025 | AG26: =IF(H26="","",H26) -> Christiane Fiebag | AH26: =IFERROR(VLOOKUP(B26,[1]Kundenübersicht!$E$4:$F$85,2,FALSE),"") -> Dieter Kraft | AI26: =IF(I26="","",I26) -> Hauswirtschaft | AJ26: =IF(J26="","",J26) -> Entlastungsleistung | AL26: =IF(I26="Hauswirtschaft",38,42) -> 38 | AM26: =AL26*F26 -> 95 | AN26: =G26*0.35 -> 0
B27: 00010|Helga|Dienelt | C27: 45846 | D27: 0.64583333 | E27: 0.6875 | F27: =(E27-D27)*24 -> 1 | H27: Franziska Wächtler | I27: Alltagsbegleitung | J27: Entlastungsleistung | K27: =VLOOKUP($B27,[1]Kundenübersicht!$E$4:$AC$1003,MATCH(K$3,[1]Kundenübersicht!$E$3:$BA$3,FALSE),FALSE) -> AOK PLUS | L27: =VLOOKUP(B27,[1]Kundenübersicht!$E$4:$AC$1003,MATCH(L$3,[1]Kundenübersicht!$E$3:$BA$3,FALSE),FALSE) -> 107299005 | M27: =VLOOKUP(B27,[1]Kundenübersicht!$E$4:$AC$1003,MATCH(M$3,[1]Kundenübersicht!$E$3:$BA$3,FALSE),FALSE) -> Q445657677 | N27: =VLOOKUP(B27,[1]Kundenübersicht!$E$4:$AC$1003,MATCH(N$3,[1]Kundenübersicht!$E$3:$BA$3,FALSE),FALSE) -> PG 2 | P27: Ja | R27: Unterschrieben | S27: Link | U27: =IF(YEAR(C27)<=2025,IFERROR(IF(I27="Hauswirtschaft",VLOOKUP($B27,[1]Kundenübersicht!$E$4:$BA$1003,MATCH("Hauswirtschaft [€/Stunde]",[1]Kundenübersicht!$E$3:$BA$3,FALSE),FALSE),VLOOKUP($B27,[1]Kundenübersicht!$E$4:$BA$1003,MATCH("Alltagsbegleitung [€/Stunde]",[1]Kundenübersicht!$E$3:$BA$3,FALSE),FALSE)),0),IFERROR(IF(I27="Hauswirtschaft",VLOOKUP($B27,[1]Kundenübersicht!$E$4:$BA$1003,MATCH("HW ab 2026 [€/Stunde]",[1]Kundenübersicht!$E$3:$BA$3,FALSE),FALSE),VLOOKUP($B27,[1]Kundenübersicht!$E$4:$BA$1003,MATCH("Alltagsbegleitung [€/Stunde]",[1]Kundenübersicht!$E$3:$BA$3,FALSE),FALSE)),0)) -> 42 | V27: =U27*F27 -> 42 | W27: =IF(AND(YEAR(C27)<=2025,X27="Alt"),0,G27*0.35) -> 0 | X27: =VLOOKUP(B27,[1]Kundenübersicht!E:AG,MATCH($X$3,[1]Kundenübersicht!$E$3:$AY$3,0),FALSE) -> Alt | Z27: Ja | AC27: 45917 | AE27: =YEAR(C27) -> 2025 | AF27: =IF(MONTH(C27)<=9,"0"&MONTH(C27)&"."&YEAR(C27),MONTH(C27)&"."&YEAR(C27)) -> 07.2025 | AG27: =IF(H27="","",H27) -> Franziska Wächtler | AH27: =IFERROR(VLOOKUP(B27,[1]Kundenübersicht!$E$4:$F$85,2,FALSE),"") -> Helga Dienelt | AI27: =IF(I27="","",I27) -> Alltagsbegleitung | AJ27: =IF(J27="","",J27) -> Entlastungsleistung | AL27: =IF(I27="Hauswirtschaft",38,42) -> 42 | AM27: =AL27*F27 -> 42 | AN27: =G27*0.35 -> 0
B28: 00015|Hella|Reißig | C28: 45848 | D28: 0.66666667 | E28: 0.70833333 | F28: =(E28-D28)*24 -> 1 | H28: Manuela Richter | I28: Hauswirtschaft | J28: Entlastungsleistung | K28: KNAPPSCHAFT | L28: 109990508 | M28: F862750970 | N28: =VLOOKUP(B28,[1]Kundenübersicht!$E$4:$AC$1003,MATCH(N$3,[1]Kundenübersicht!$E$3:$BA$3,FALSE),FALSE) -> PG 1 | P28: Ja | R28: Unterschrieben | S28: Link | U28: =IF(YEAR(C28)<=2025,IFERROR(IF(I28="Hauswirtschaft",VLOOKUP($B28,[1]Kundenübersicht!$E$4:$BA$1003,MATCH("Hauswirtschaft [€/Stunde]",[1]Kundenübersicht!$E$3:$BA$3,FALSE),FALSE),VLOOKUP($B28,[1]Kundenübersicht!$E$4:$BA$1003,MATCH("Alltagsbegleitung [€/Stunde]",[1]Kundenübersicht!$E$3:$BA$3,FALSE),FALSE)),0),IFERROR(IF(I28="Hauswirtschaft",VLOOKUP($B28,[1]Kundenübersicht!$E$4:$BA$1003,MATCH("HW ab 2026 [€/Stunde]",[1]Kundenübersicht!$E$3:$BA$3,FALSE),FALSE),VLOOKUP($B28,[1]Kundenübersicht!$E$4:$BA$1003,MATCH("Alltagsbegleitung [€/Stunde]",[1]Kundenübersicht!$E$3:$BA$3,FALSE),FALSE)),0)) -> 32.75 | V28: =U28*F28 -> 32.75 | W28: =IF(AND(YEAR(C28)<=2025,X28="Alt"),0,G28*0.35) -> 0 | X28: =VLOOKUP(B28,[1]Kundenübersicht!E:AG,MATCH($X$3,[1]Kundenübersicht!$E$3:$AY$3,0),FALSE) -> Alt | Z28: Ja | AC28: 45924 | AE28: =YEAR(C28) -> 2025 | AF28: =IF(MONTH(C28)<=9,"0"&MONTH(C28)&"."&YEAR(C28),MONTH(C28)&"."&YEAR(C28)) -> 07.2025 | AG28: =IF(H28="","",H28) -> Manuela Richter | AH28: =IFERROR(VLOOKUP(B28,[1]Kundenübersicht!$E$4:$F$85,2,FALSE),"") -> Hella Reißig | AI28: =IF(I28="","",I28) -> Hauswirtschaft | AJ28: =IF(J28="","",J28) -> Entlastungsleistung | AL28: =IF(I28="Hauswirtschaft",38,42) -> 38 | AM28: =AL28*F28 -> 38 | AN28: =G28*0.35 -> 0
B29: 00013|Rita|Neubert | C29: 45848 | D29: 0.60416667 | E29: 0.64583333 | F29: =(E29-D29)*24 -> 1 | H29: Manuela Richter | I29: Hauswirtschaft | J29: Entlastungsleistung | K29: =VLOOKUP($B29,[1]Kundenübersicht!$E$4:$AC$1003,MATCH(K$3,[1]Kundenübersicht!$E$3:$BA$3,FALSE),FALSE) -> AOK PLUS | L29: =VLOOKUP(B29,[1]Kundenübersicht!$E$4:$AC$1003,MATCH(L$3,[1]Kundenübersicht!$E$3:$BA$3,FALSE),FALSE) -> 107299005 | M29: =VLOOKUP(B29,[1]Kundenübersicht!$E$4:$AC$1003,MATCH(M$3,[1]Kundenübersicht!$E$3:$BA$3,FALSE),FALSE) -> T309560658 | N29: =VLOOKUP(B29,[1]Kundenübersicht!$E$4:$AC$1003,MATCH(N$3,[1]Kundenübersicht!$E$3:$BA$3,FALSE),FALSE) -> PG 2 | P29: Ja | R29: Unterschrieben | S29: Link | U29: =IF(YEAR(C29)<=2025,IFERROR(IF(I29="Hauswirtschaft",VLOOKUP($B29,[1]Kundenübersicht!$E$4:$BA$1003,MATCH("Hauswirtschaft [€/Stunde]",[1]Kundenübersicht!$E$3:$BA$3,FALSE),FALSE),VLOOKUP($B29,[1]Kundenübersicht!$E$4:$BA$1003,MATCH("Alltagsbegleitung [€/Stunde]",[1]Kundenübersicht!$E$3:$BA$3,FALSE),FALSE)),0),IFERROR(IF(I29="Hauswirtschaft",VLOOKUP($B29,[1]Kundenübersicht!$E$4:$BA$1003,MATCH("HW ab 2026 [€/Stunde]",[1]Kundenübersicht!$E$3:$BA$3,FALSE),FALSE),VLOOKUP($B29,[1]Kundenübersicht!$E$4:$BA$1003,MATCH("Alltagsbegleitung [€/Stunde]",[1]Kundenübersicht!$E$3:$BA$3,FALSE),FALSE)),0)) -> 32.75 | V29: =U29*F29 -> 32.75 | W29: =IF(AND(YEAR(C29)<=2025,X29="Alt"),0,G29*0.35) -> 0 | X29: =VLOOKUP(B29,[1]Kundenübersicht!E:AG,MATCH($X$3,[1]Kundenübersicht!$E$3:$AY$3,0),FALSE) -> Alt | Z29: Ja | AC29: 45917 | AE29: =YEAR(C29) -> 2025 | AF29: =IF(MONTH(C29)<=9,"0"&MONTH(C29)&"."&YEAR(C29),MONTH(C29)&"."&YEAR(C29)) -> 07.2025 | AG29: =IF(H29="","",H29) -> Manuela Richter | AH29: =IFERROR(VLOOKUP(B29,[1]Kundenübersicht!$E$4:$F$85,2,FALSE),"") -> Rita Neubert | AI29: =IF(I29="","",I29) -> Hauswirtschaft | AJ29: =IF(J29="","",J29) -> Entlastungsleistung | AL29: =IF(I29="Hauswirtschaft",38,42) -> 38 | AM29: =AL29*F29 -> 38 | AN29: =G29*0.35 -> 0
B30: 00012|Lothar|Krawalski | C30: 45849 | D30: 0.58333333 | E30: 0.66666667 | F30: =(E30-D30)*24 -> 2 | H30: Manuela Richter | I30: Hauswirtschaft | J30: Entlastungsleistung | K30: =VLOOKUP($B30,[1]Kundenübersicht!$E$4:$AC$1003,MATCH(K$3,[1]Kundenübersicht!$E$3:$BA$3,FALSE),FALSE) -> AOK PLUS | L30: =VLOOKUP(B30,[1]Kundenübersicht!$E$4:$AC$1003,MATCH(L$3,[1]Kundenübersicht!$E$3:$BA$3,FALSE),FALSE) -> 107299005 | M30: =VLOOKUP(B30,[1]Kundenübersicht!$E$4:$AC$1003,MATCH(M$3,[1]Kundenübersicht!$E$3:$BA$3,FALSE),FALSE) -> L212281967 | N30: =VLOOKUP(B30,[1]Kundenübersicht!$E$4:$AC$1003,MATCH(N$3,[1]Kundenübersicht!$E$3:$BA$3,FALSE),FALSE) -> PG 1 | P30: Ja | R30: Unterschrieben | S30: Link | U30: =IF(YEAR(C30)<=2025,IFERROR(IF(I30="Hauswirtschaft",VLOOKUP($B30,[1]Kundenübersicht!$E$4:$BA$1003,MATCH("Hauswirtschaft [€/Stunde]",[1]Kundenübersicht!$E$3:$BA$3,FALSE),FALSE),VLOOKUP($B30,[1]Kundenübersicht!$E$4:$BA$1003,MATCH("Alltagsbegleitung [€/Stunde]",[1]Kundenübersicht!$E$3:$BA$3,FALSE),FALSE)),0),IFERROR(IF(I30="Hauswirtschaft",VLOOKUP($B30,[1]Kundenübersicht!$E$4:$BA$1003,MATCH("HW ab 2026 [€/Stunde]",[1]Kundenübersicht!$E$3:$BA$3,FALSE),FALSE),VLOOKUP($B30,[1]Kundenübersicht!$E$4:$BA$1003,MATCH("Alltagsbegleitung [€/Stunde]",[1]Kundenübersicht!$E$3:$BA$3,FALSE),FALSE)),0)) -> 32.75 | V30: =U30*F30 -> 65.5 | W30: =IF(AND(YEAR(C30)<=2025,X30="Alt"),0,G30*0.35) -> 0 | X30: =VLOOKUP(B30,[1]Kundenübersicht!E:AG,MATCH($X$3,[1]Kundenübersicht!$E$3:$AY$3,0),FALSE) -> Alt | Z30: Ja | AC30: 45917 | AE30: =YEAR(C30) -> 2025 | AF30: =IF(MONTH(C30)<=9,"0"&MONTH(C30)&"."&YEAR(C30),MONTH(C30)&"."&YEAR(C30)) -> 07.2025 | AG30: =IF(H30="","",H30) -> Manuela Richter | AH30: =IFERROR(VLOOKUP(B30,[1]Kundenübersicht!$E$4:$F$85,2,FALSE),"") -> Lothar Krawalski | AI30: =IF(I30="","",I30) -> Hauswirtschaft | AJ30: =IF(J30="","",J30) -> Entlastungsleistung | AL30: =IF(I30="Hauswirtschaft",38,42) -> 38 | AM30: =AL30*F30 -> 76 | AN30: =G30*0.35 -> 0
B31: 00003|Günter|Marx | C31: 45852 | D31: 0.35416667 | E31: 0.4375 | F31: =(E31-D31)*24 -> 2 | H31: Christiane Fiebag | I31: Hauswirtschaft | J31: Entlastungsleistung | K31: =VLOOKUP($B31,[1]Kundenübersicht!$E$4:$AC$1003,MATCH(K$3,[1]Kundenübersicht!$E$3:$BA$3,FALSE),FALSE) -> Siemens Betriebskrankenkasse | L31: =VLOOKUP(B31,[1]Kundenübersicht!$E$4:$AC$1003,MATCH(L$3,[1]Kundenübersicht!$E$3:$BA$3,FALSE),FALSE) -> 108833505 | M31: =VLOOKUP(B31,[1]Kundenübersicht!$E$4:$AC$1003,MATCH(M$3,[1]Kundenübersicht!$E$3:$BA$3,FALSE),FALSE) -> U297967139 | N31: =VLOOKUP(B31,[1]Kundenübersicht!$E$4:$AC$1003,MATCH(N$3,[1]Kundenübersicht!$E$3:$BA$3,FALSE),FALSE) -> PG 2 | P31: Ja | R31: Unterschrieben | S31: Link | U31: =IF(YEAR(C31)<=2025,IFERROR(IF(I31="Hauswirtschaft",VLOOKUP($B31,[1]Kundenübersicht!$E$4:$BA$1003,MATCH("Hauswirtschaft [€/Stunde]",[1]Kundenübersicht!$E$3:$BA$3,FALSE),FALSE),VLOOKUP($B31,[1]Kundenübersicht!$E$4:$BA$1003,MATCH("Alltagsbegleitung [€/Stunde]",[1]Kundenübersicht!$E$3:$BA$3,FALSE),FALSE)),0),IFERROR(IF(I31="Hauswirtschaft",VLOOKUP($B31,[1]Kundenübersicht!$E$4:$BA$1003,MATCH("HW ab 2026 [€/Stunde]",[1]Kundenübersicht!$E$3:$BA$3,FALSE),FALSE),VLOOKUP($B31,[1]Kundenübersicht!$E$4:$BA$1003,MATCH("Alltagsbegleitung [€/Stunde]",[1]Kundenübersicht!$E$3:$BA$3,FALSE),FALSE)),0)) -> 32.75 | V31: =U31*F31 -> 65.5 | W31: =IF(AND(YEAR(C31)<=2025,X31="Alt"),0,G31*0.35) -> 0 | X31: =VLOOKUP(B31,[1]Kundenübersicht!E:AG,MATCH($X$3,[1]Kundenübersicht!$E$3:$AY$3,0),FALSE) -> Alt | Z31: Ja | AC31: 45959 | AE31: =YEAR(C31) -> 2025 | AF31: =IF(MONTH(C31)<=9,"0"&MONTH(C31)&"."&YEAR(C31),MONTH(C31)&"."&YEAR(C31)) -> 07.2025 | AG31: =IF(H31="","",H31) -> Christiane Fiebag | AH31: =IFERROR(VLOOKUP(B31,[1]Kundenübersicht!$E$4:$F$85,2,FALSE),"") -> Günter Marx | AI31: =IF(I31="","",I31) -> Hauswirtschaft | AJ31: =IF(J31="","",J31) -> Entlastungsleistung | AL31: =IF(I31="Hauswirtschaft",38,42) -> 38 | AM31: =AL31*F31 -> 76 | AN31: =G31*0.35 -> 0
B32: 00003|Günter|Marx | C32: 45852 | D32: 0.625 | E32: 0.66666667 | F32: =(E32-D32)*24 -> 1 | H32: Christiane Fiebag | I32: Hauswirtschaft | J32: Entlastungsleistung | K32: =VLOOKUP($B32,[1]Kundenübersicht!$E$4:$AC$1003,MATCH(K$3,[1]Kundenübersicht!$E$3:$BA$3,FALSE),FALSE) -> Siemens Betriebskrankenkasse | L32: =VLOOKUP(B32,[1]Kundenübersicht!$E$4:$AC$1003,MATCH(L$3,[1]Kundenübersicht!$E$3:$BA$3,FALSE),FALSE) -> 108833505 | M32: =VLOOKUP(B32,[1]Kundenübersicht!$E$4:$AC$1003,MATCH(M$3,[1]Kundenübersicht!$E$3:$BA$3,FALSE),FALSE) -> U297967139 | N32: =VLOOKUP(B32,[1]Kundenübersicht!$E$4:$AC$1003,MATCH(N$3,[1]Kundenübersicht!$E$3:$BA$3,FALSE),FALSE) -> PG 2 | P32: Ja | R32: Unterschrieben | S32: Link | U32: =IF(YEAR(C32)<=2025,IFERROR(IF(I32="Hauswirtschaft",VLOOKUP($B32,[1]Kundenübersicht!$E$4:$BA$1003,MATCH("Hauswirtschaft [€/Stunde]",[1]Kundenübersicht!$E$3:$BA$3,FALSE),FALSE),VLOOKUP($B32,[1]Kundenübersicht!$E$4:$BA$1003,MATCH("Alltagsbegleitung [€/Stunde]",[1]Kundenübersicht!$E$3:$BA$3,FALSE),FALSE)),0),IFERROR(IF(I32="Hauswirtschaft",VLOOKUP($B32,[1]Kundenübersicht!$E$4:$BA$1003,MATCH("HW ab 2026 [€/Stunde]",[1]Kundenübersicht!$E$3:$BA$3,FALSE),FALSE),VLOOKUP($B32,[1]Kundenübersicht!$E$4:$BA$1003,MATCH("Alltagsbegleitung [€/Stunde]",[1]Kundenübersicht!$E$3:$BA$3,FALSE),FALSE)),0)) -> 32.75 | V32: =U32*F32 -> 32.75 | W32: =IF(AND(YEAR(C32)<=2025,X32="Alt"),0,G32*0.35) -> 0 | X32: =VLOOKUP(B32,[1]Kundenübersicht!E:AG,MATCH($X$3,[1]Kundenübersicht!$E$3:$AY$3,0),FALSE) -> Alt | Z32: Ja | AC32: 45959 | AE32: =YEAR(C32) -> 2025 | AF32: =IF(MONTH(C32)<=9,"0"&MONTH(C32)&"."&YEAR(C32),MONTH(C32)&"."&YEAR(C32)) -> 07.2025 | AG32: =IF(H32="","",H32) -> Christiane Fiebag | AH32: =IFERROR(VLOOKUP(B32,[1]Kundenübersicht!$E$4:$F$85,2,FALSE),"") -> Günter Marx | AI32: =IF(I32="","",I32) -> Hauswirtschaft | AJ32: =IF(J32="","",J32) -> Entlastungsleistung | AL32: =IF(I32="Hauswirtschaft",38,42) -> 38 | AM32: =AL32*F32 -> 38 | AN32: =G32*0.35 -> 0
B33: 00006|Dieter|Berghold | C33: 45852 | D33: 0.45833333 | E33: 0.5 | F33: =(E33-D33)*24 -> 1 | H33: Christiane Fiebag | I33: Hauswirtschaft | J33: Entlastungsleistung | K33: =VLOOKUP($B33,[1]Kundenübersicht!$E$4:$AC$1003,MATCH(K$3,[1]Kundenübersicht!$E$3:$BA$3,FALSE),FALSE) -> AOK PLUS | L33: =VLOOKUP(B33,[1]Kundenübersicht!$E$4:$AC$1003,MATCH(L$3,[1]Kundenübersicht!$E$3:$BA$3,FALSE),FALSE) -> 107299005 | M33: =VLOOKUP(B33,[1]Kundenübersicht!$E$4:$AC$1003,MATCH(M$3,[1]Kundenübersicht!$E$3:$BA$3,FALSE),FALSE) -> R234942678 | N33: =VLOOKUP(B33,[1]Kundenübersicht!$E$4:$AC$1003,MATCH(N$3,[1]Kundenübersicht!$E$3:$BA$3,FALSE),FALSE) -> PG 2 | P33: Ja | R33: Unterschrieben | S33: Link | U33: =IF(YEAR(C33)<=2025,IFERROR(IF(I33="Hauswirtschaft",VLOOKUP($B33,[1]Kundenübersicht!$E$4:$BA$1003,MATCH("Hauswirtschaft [€/Stunde]",[1]Kundenübersicht!$E$3:$BA$3,FALSE),FALSE),VLOOKUP($B33,[1]Kundenübersicht!$E$4:$BA$1003,MATCH("Alltagsbegleitung [€/Stunde]",[1]Kundenübersicht!$E$3:$BA$3,FALSE),FALSE)),0),IFERROR(IF(I33="Hauswirtschaft",VLOOKUP($B33,[1]Kundenübersicht!$E$4:$BA$1003,MATCH("HW ab 2026 [€/Stunde]",[1]Kundenübersicht!$E$3:$BA$3,FALSE),FALSE),VLOOKUP($B33,[1]Kundenübersicht!$E$4:$BA$1003,MATCH("Alltagsbegleitung [€/Stunde]",[1]Kundenübersicht!$E$3:$BA$3,FALSE),FALSE)),0)) -> 32.75 | V33: =U33*F33 -> 32.75 | W33: =IF(AND(YEAR(C33)<=2025,X33="Alt"),0,G33*0.35) -> 0 | X33: =VLOOKUP(B33,[1]Kundenübersicht!E:AG,MATCH($X$3,[1]Kundenübersicht!$E$3:$AY$3,0),FALSE) -> Alt | Z33: Ja | AA33: 45950 | AC33: 45975 | AE33: =YEAR(C33) -> 2025 | AF33: =IF(MONTH(C33)<=9,"0"&MONTH(C33)&"."&YEAR(C33),MONTH(C33)&"."&YEAR(C33)) -> 07.2025 | AG33: =IF(H33="","",H33) -> Christiane Fiebag | AH33: =IFERROR(VLOOKUP(B33,[1]Kundenübersicht!$E$4:$F$85,2,FALSE),"") -> Dieter Berghold | AI33: =IF(I33="","",I33) -> Hauswirtschaft | AJ33: =IF(J33="","",J33) -> Entlastungsleistung | AL33: =IF(I33="Hauswirtschaft",38,42) -> 38 | AM33: =AL33*F33 -> 38 | AN33: =G33*0.35 -> 0
B34: 00007|Elke|Berghold | C34: 45852 | D34: 0.5 | E34: 0.54166667 | F34: =(E34-D34)*24 -> 1 | H34: Christiane Fiebag | I34: Hauswirtschaft | J34: Entlastungsleistung | K34: =VLOOKUP($B34,[1]Kundenübersicht!$E$4:$AC$1003,MATCH(K$3,[1]Kundenübersicht!$E$3:$BA$3,FALSE),FALSE) -> AOK PLUS | L34: =VLOOKUP(B34,[1]Kundenübersicht!$E$4:$AC$1003,MATCH(L$3,[1]Kundenübersicht!$E$3:$BA$3,FALSE),FALSE) -> 107299005 | M34: =VLOOKUP(B34,[1]Kundenübersicht!$E$4:$AC$1003,MATCH(M$3,[1]Kundenübersicht!$E$3:$BA$3,FALSE),FALSE) -> P722909118 | N34: =VLOOKUP(B34,[1]Kundenübersicht!$E$4:$AC$1003,MATCH(N$3,[1]Kundenübersicht!$E$3:$BA$3,FALSE),FALSE) -> PG 3 | P34: Ja | R34: Unterschrieben | S34: Link | U34: =IF(YEAR(C34)<=2025,IFERROR(IF(I34="Hauswirtschaft",VLOOKUP($B34,[1]Kundenübersicht!$E$4:$BA$1003,MATCH("Hauswirtschaft [€/Stunde]",[1]Kundenübersicht!$E$3:$BA$3,FALSE),FALSE),VLOOKUP($B34,[1]Kundenübersicht!$E$4:$BA$1003,MATCH("Alltagsbegleitung [€/Stunde]",[1]Kundenübersicht!$E$3:$BA$3,FALSE),FALSE)),0),IFERROR(IF(I34="Hauswirtschaft",VLOOKUP($B34,[1]Kundenübersicht!$E$4:$BA$1003,MATCH("HW ab 2026 [€/Stunde]",[1]Kundenübersicht!$E$3:$BA$3,FALSE),FALSE),VLOOKUP($B34,[1]Kundenübersicht!$E$4:$BA$1003,MATCH("Alltagsbegleitung [€/Stunde]",[1]Kundenübersicht!$E$3:$BA$3,FALSE),FALSE)),0)) -> 32.75 | V34: =U34*F34 -> 32.75 | W34: =IF(AND(YEAR(C34)<=2025,X34="Alt"),0,G34*0.35) -> 0 | X34: =VLOOKUP(B34,[1]Kundenübersicht!E:AG,MATCH($X$3,[1]Kundenübersicht!$E$3:$AY$3,0),FALSE) -> Alt | Z34: Ja | AA34: 45950 | AC34: 45975 | AE34: =YEAR(C34) -> 2025 | AF34: =IF(MONTH(C34)<=9,"0"&MONTH(C34)&"."&YEAR(C34),MONTH(C34)&"."&YEAR(C34)) -> 07.2025 | AG34: =IF(H34="","",H34) -> Christiane Fiebag | AH34: =IFERROR(VLOOKUP(B34,[1]Kundenübersicht!$E$4:$F$85,2,FALSE),"") -> Elke Berghold | AI34: =IF(I34="","",I34) -> Hauswirtschaft | AJ34: =IF(J34="","",J34) -> Entlastungsleistung | AL34: =IF(I34="Hauswirtschaft",38,42) -> 38 | AM34: =AL34*F34 -> 38 | AN34: =G34*0.35 -> 0
B35: 00017|Matthias|Roß | C35: 45853 | D35: 0.375 | E35: 0.45833333 | F35: =(E35-D35)*24 -> 2 | H35: Christiane Fiebag | I35: Hauswirtschaft | J35: Entlastungsleistung | K35: =VLOOKUP($B35,[1]Kundenübersicht!$E$4:$AC$1003,MATCH(K$3,[1]Kundenübersicht!$E$3:$BA$3,FALSE),FALSE) -> AOK PLUS | L35: =VLOOKUP(B35,[1]Kundenübersicht!$E$4:$AC$1003,MATCH(L$3,[1]Kundenübersicht!$E$3:$BA$3,FALSE),FALSE) -> 107299005 | M35: =VLOOKUP(B35,[1]Kundenübersicht!$E$4:$AC$1003,MATCH(M$3,[1]Kundenübersicht!$E$3:$BA$3,FALSE),FALSE) -> G562042888 | N35: =VLOOKUP(B35,[1]Kundenübersicht!$E$4:$AC$1003,MATCH(N$3,[1]Kundenübersicht!$E$3:$BA$3,FALSE),FALSE) -> PG 2 | P35: Ja | R35: Unterschrieben | S35: Link | U35: =IF(YEAR(C35)<=2025,IFERROR(IF(I35="Hauswirtschaft",VLOOKUP($B35,[1]Kundenübersicht!$E$4:$BA$1003,MATCH("Hauswirtschaft [€/Stunde]",[1]Kundenübersicht!$E$3:$BA$3,FALSE),FALSE),VLOOKUP($B35,[1]Kundenübersicht!$E$4:$BA$1003,MATCH("Alltagsbegleitung [€/Stunde]",[1]Kundenübersicht!$E$3:$BA$3,FALSE),FALSE)),0),IFERROR(IF(I35="Hauswirtschaft",VLOOKUP($B35,[1]Kundenübersicht!$E$4:$BA$1003,MATCH("HW ab 2026 [€/Stunde]",[1]Kundenübersicht!$E$3:$BA$3,FALSE),FALSE),VLOOKUP($B35,[1]Kundenübersicht!$E$4:$BA$1003,MATCH("Alltagsbegleitung [€/Stunde]",[1]Kundenübersicht!$E$3:$BA$3,FALSE),FALSE)),0)) -> 32.75 | V35: =U35*F35 -> 65.5 | W35: =IF(AND(YEAR(C35)<=2025,X35="Alt"),0,G35*0.35) -> 0 | X35: =VLOOKUP(B35,[1]Kundenübersicht!E:AG,MATCH($X$3,[1]Kundenübersicht!$E$3:$AY$3,0),FALSE) -> Alt | Z35: Ja | AC35: 45917 | AE35: =YEAR(C35) -> 2025 | AF35: =IF(MONTH(C35)<=9,"0"&MONTH(C35)&"."&YEAR(C35),MONTH(C35)&"."&YEAR(C35)) -> 07.2025 | AG35: =IF(H35="","",H35) -> Christiane Fiebag | AH35: =IFERROR(VLOOKUP(B35,[1]Kundenübersicht!$E$4:$F$85,2,FALSE),"") -> Matthias Roß | AI35: =IF(I35="","",I35) -> Hauswirtschaft | AJ35: =IF(J35="","",J35) -> Entlastungsleistung | AL35: =IF(I35="Hauswirtschaft",38,42) -> 38 | AM35: =AL35*F35 -> 76 | AN35: =G35*0.35 -> 0
B36: 00001|Rosemarie|Schröder | C36: 45853 | D36: 0.41666667 | E36: 0.5 | F36: =(E36-D36)*24 -> 2 | H36: Celina Panther | I36: Hauswirtschaft | J36: Entlastungsleistung | K36: =VLOOKUP($B36,[1]Kundenübersicht!$E$4:$AC$1003,MATCH(K$3,[1]Kundenübersicht!$E$3:$BA$3,FALSE),FALSE) -> Barmer Pflegekasse | L36: =VLOOKUP(B36,[1]Kundenübersicht!$E$4:$AC$1003,MATCH(L$3,[1]Kundenübersicht!$E$3:$BA$3,FALSE),FALSE) -> 184940005 | M36: =VLOOKUP(B36,[1]Kundenübersicht!$E$4:$AC$1003,MATCH(M$3,[1]Kundenübersicht!$E$3:$BA$3,FALSE),FALSE) -> Z817157321 | N36: =VLOOKUP(B36,[1]Kundenübersicht!$E$4:$AC$1003,MATCH(N$3,[1]Kundenübersicht!$E$3:$BA$3,FALSE),FALSE) -> PG 1 | P36: Ja | R36: Unterschrieben | S36: Link | U36: =IF(YEAR(C36)<=2025,IFERROR(IF(I36="Hauswirtschaft",VLOOKUP($B36,[1]Kundenübersicht!$E$4:$BA$1003,MATCH("Hauswirtschaft [€/Stunde]",[1]Kundenübersicht!$E$3:$BA$3,FALSE),FALSE),VLOOKUP($B36,[1]Kundenübersicht!$E$4:$BA$1003,MATCH("Alltagsbegleitung [€/Stunde]",[1]Kundenübersicht!$E$3:$BA$3,FALSE),FALSE)),0),IFERROR(IF(I36="Hauswirtschaft",VLOOKUP($B36,[1]Kundenübersicht!$E$4:$BA$1003,MATCH("HW ab 2026 [€/Stunde]",[1]Kundenübersicht!$E$3:$BA$3,FALSE),FALSE),VLOOKUP($B36,[1]Kundenübersicht!$E$4:$BA$1003,MATCH("Alltagsbegleitung [€/Stunde]",[1]Kundenübersicht!$E$3:$BA$3,FALSE),FALSE)),0)) -> 32.75 | V36: =U36*F36 -> 65.5 | W36: =IF(AND(YEAR(C36)<=2025,X36="Alt"),0,G36*0.35) -> 0 | X36: =VLOOKUP(B36,[1]Kundenübersicht!E:AG,MATCH($X$3,[1]Kundenübersicht!$E$3:$AY$3,0),FALSE) -> Alt | Z36: Ja | AA36: 45959 | AE36: =YEAR(C36) -> 2025 | AF36: =IF(MONTH(C36)<=9,"0"&MONTH(C36)&"."&YEAR(C36),MONTH(C36)&"."&YEAR(C36)) -> 07.2025 | AG36: =IF(H36="","",H36) -> Celina Panther | AH36: =IFERROR(VLOOKUP(B36,[1]Kundenübersicht!$E$4:$F$85,2,FALSE),"") -> Rosemarie Schröder | AI36: =IF(I36="","",I36) -> Hauswirtschaft | AJ36: =IF(J36="","",J36) -> Entlastungsleistung | AL36: =IF(I36="Hauswirtschaft",38,42) -> 38 | AM36: =AL36*F36 -> 76 | AN36: =G36*0.35 -> 0
B37: 00010|Helga|Dienelt | C37: 45855 | D37: 0.63541667 | E37: 0.67708333 | F37: =(E37-D37)*24 -> 1 | H37: Franziska Wächtler | I37: Alltagsbegleitung | J37: Entlastungsleistung | K37: =VLOOKUP($B37,[1]Kundenübersicht!$E$4:$AC$1003,MATCH(K$3,[1]Kundenübersicht!$E$3:$BA$3,FALSE),FALSE) -> AOK PLUS | L37: =VLOOKUP(B37,[1]Kundenübersicht!$E$4:$AC$1003,MATCH(L$3,[1]Kundenübersicht!$E$3:$BA$3,FALSE),FALSE) -> 107299005 | M37: =VLOOKUP(B37,[1]Kundenübersicht!$E$4:$AC$1003,MATCH(M$3,[1]Kundenübersicht!$E$3:$BA$3,FALSE),FALSE) -> Q445657677 | N37: =VLOOKUP(B37,[1]Kundenübersicht!$E$4:$AC$1003,MATCH(N$3,[1]Kundenübersicht!$E$3:$BA$3,FALSE),FALSE) -> PG 2 | P37: Ja | R37: Unterschrieben | S37: Link | U37: =IF(YEAR(C37)<=2025,IFERROR(IF(I37="Hauswirtschaft",VLOOKUP($B37,[1]Kundenübersicht!$E$4:$BA$1003,MATCH("Hauswirtschaft [€/Stunde]",[1]Kundenübersicht!$E$3:$BA$3,FALSE),FALSE),VLOOKUP($B37,[1]Kundenübersicht!$E$4:$BA$1003,MATCH("Alltagsbegleitung [€/Stunde]",[1]Kundenübersicht!$E$3:$BA$3,FALSE),FALSE)),0),IFERROR(IF(I37="Hauswirtschaft",VLOOKUP($B37,[1]Kundenübersicht!$E$4:$BA$1003,MATCH("HW ab 2026 [€/Stunde]",[1]Kundenübersicht!$E$3:$BA$3,FALSE),FALSE),VLOOKUP($B37,[1]Kundenübersicht!$E$4:$BA$1003,MATCH("Alltagsbegleitung [€/Stunde]",[1]Kundenübersicht!$E$3:$BA$3,FALSE),FALSE)),0)) -> 42 | V37: =U37*F37 -> 42 | W37: =IF(AND(YEAR(C37)<=2025,X37="Alt"),0,G37*0.35) -> 0 | X37: =VLOOKUP(B37,[1]Kundenübersicht!E:AG,MATCH($X$3,[1]Kundenübersicht!$E$3:$AY$3,0),FALSE) -> Alt | Z37: Ja | AC37: 45917 | AE37: =YEAR(C37) -> 2025 | AF37: =IF(MONTH(C37)<=9,"0"&MONTH(C37)&"."&YEAR(C37),MONTH(C37)&"."&YEAR(C37)) -> 07.2025 | AG37: =IF(H37="","",H37) -> Franziska Wächtler | AH37: =IFERROR(VLOOKUP(B37,[1]Kundenübersicht!$E$4:$F$85,2,FALSE),"") -> Helga Dienelt | AI37: =IF(I37="","",I37) -> Alltagsbegleitung | AJ37: =IF(J37="","",J37) -> Entlastungsleistung | AL37: =IF(I37="Hauswirtschaft",38,42) -> 42 | AM37: =AL37*F37 -> 42 | AN37: =G37*0.35 -> 0
B38: 00008|Christian|Jungnickel | C38: 45855 | D38: 0.54166667 | E38: 0.60416667 | F38: =(E38-D38)*24 -> 1.5 | H38: Christiane Fiebag | I38: Hauswirtschaft | J38: Entlastungsleistung | K38: =VLOOKUP($B38,[1]Kundenübersicht!$E$4:$AC$1003,MATCH(K$3,[1]Kundenübersicht!$E$3:$BA$3,FALSE),FALSE) -> AOK PLUS | L38: =VLOOKUP(B38,[1]Kundenübersicht!$E$4:$AC$1003,MATCH(L$3,[1]Kundenübersicht!$E$3:$BA$3,FALSE),FALSE) -> 107299005 | M38: =VLOOKUP(B38,[1]Kundenübersicht!$E$4:$AC$1003,MATCH(M$3,[1]Kundenübersicht!$E$3:$BA$3,FALSE),FALSE) -> R782602114 | N38: =VLOOKUP(B38,[1]Kundenübersicht!$E$4:$AC$1003,MATCH(N$3,[1]Kundenübersicht!$E$3:$BA$3,FALSE),FALSE) -> PG 1 | P38: ja | R38: Unterschrieben | S38: Link | U38: =IF(YEAR(C38)<=2025,IFERROR(IF(I38="Hauswirtschaft",VLOOKUP($B38,[1]Kundenübersicht!$E$4:$BA$1003,MATCH("Hauswirtschaft [€/Stunde]",[1]Kundenübersicht!$E$3:$BA$3,FALSE),FALSE),VLOOKUP($B38,[1]Kundenübersicht!$E$4:$BA$1003,MATCH("Alltagsbegleitung [€/Stunde]",[1]Kundenübersicht!$E$3:$BA$3,FALSE),FALSE)),0),IFERROR(IF(I38="Hauswirtschaft",VLOOKUP($B38,[1]Kundenübersicht!$E$4:$BA$1003,MATCH("HW ab 2026 [€/Stunde]",[1]Kundenübersicht!$E$3:$BA$3,FALSE),FALSE),VLOOKUP($B38,[1]Kundenübersicht!$E$4:$BA$1003,MATCH("Alltagsbegleitung [€/Stunde]",[1]Kundenübersicht!$E$3:$BA$3,FALSE),FALSE)),0)) -> 32.75 | V38: =U38*F38 -> 49.125 | W38: =IF(AND(YEAR(C38)<=2025,X38="Alt"),0,G38*0.35) -> 0 | X38: =VLOOKUP(B38,[1]Kundenübersicht!E:AG,MATCH($X$3,[1]Kundenübersicht!$E$3:$AY$3,0),FALSE) -> Alt | Z38: Ja | AC38: 45917 | AE38: =YEAR(C38) -> 2025 | AF38: =IF(MONTH(C38)<=9,"0"&MONTH(C38)&"."&YEAR(C38),MONTH(C38)&"."&YEAR(C38)) -> 07.2025 | AG38: =IF(H38="","",H38) -> Christiane Fiebag | AH38: =IFERROR(VLOOKUP(B38,[1]Kundenübersicht!$E$4:$F$85,2,FALSE),"") -> Christian Jungnickel | AI38: =IF(I38="","",I38) -> Hauswirtschaft | AJ38: =IF(J38="","",J38) -> Entlastungsleistung | AL38: =IF(I38="Hauswirtschaft",38,42) -> 38 | AM38: =AL38*F38 -> 57 | AN38: =G38*0.35 -> 0
B39: 00015|Hella|Reißig | C39: 45855 | D39: 0.66666667 | E39: 0.70833333 | F39: =(E39-D39)*24 -> 1 | H39: Manuela Richter | I39: Hauswirtschaft | J39: Entlastungsleistung | K39: KNAPPSCHAFT | L39: 109990508 | M39: F862750970 | N39: =VLOOKUP(B39,[1]Kundenübersicht!$E$4:$AC$1003,MATCH(N$3,[1]Kundenübersicht!$E$3:$BA$3,FALSE),FALSE) -> PG 1 | P39: Ja | R39: Unterschrieben | S39: Link | U39: =IF(YEAR(C39)<=2025,IFERROR(IF(I39="Hauswirtschaft",VLOOKUP($B39,[1]Kundenübersicht!$E$4:$BA$1003,MATCH("Hauswirtschaft [€/Stunde]",[1]Kundenübersicht!$E$3:$BA$3,FALSE),FALSE),VLOOKUP($B39,[1]Kundenübersicht!$E$4:$BA$1003,MATCH("Alltagsbegleitung [€/Stunde]",[1]Kundenübersicht!$E$3:$BA$3,FALSE),FALSE)),0),IFERROR(IF(I39="Hauswirtschaft",VLOOKUP($B39,[1]Kundenübersicht!$E$4:$BA$1003,MATCH("HW ab 2026 [€/Stunde]",[1]Kundenübersicht!$E$3:$BA$3,FALSE),FALSE),VLOOKUP($B39,[1]Kundenübersicht!$E$4:$BA$1003,MATCH("Alltagsbegleitung [€/Stunde]",[1]Kundenübersicht!$E$3:$BA$3,FALSE),FALSE)),0)) -> 32.75 | V39: =U39*F39 -> 32.75 | W39: =IF(AND(YEAR(C39)<=2025,X39="Alt"),0,G39*0.35) -> 0 | X39: =VLOOKUP(B39,[1]Kundenübersicht!E:AG,MATCH($X$3,[1]Kundenübersicht!$E$3:$AY$3,0),FALSE) -> Alt | Z39: Ja | AC39: 45924 | AE39: =YEAR(C39) -> 2025 | AF39: =IF(MONTH(C39)<=9,"0"&MONTH(C39)&"."&YEAR(C39),MONTH(C39)&"."&YEAR(C39)) -> 07.2025 | AG39: =IF(H39="","",H39) -> Manuela Richter | AH39: =IFERROR(VLOOKUP(B39,[1]Kundenübersicht!$E$4:$F$85,2,FALSE),"") -> Hella Reißig | AI39: =IF(I39="","",I39) -> Hauswirtschaft | AJ39: =IF(J39="","",J39) -> Entlastungsleistung | AL39: =IF(I39="Hauswirtschaft",38,42) -> 38 | AM39: =AL39*F39 -> 38 | AN39: =G39*0.35 -> 0
B40: 00012|Lothar|Krawalski | C40: 45856 | D40: 0.64583333 | E40: 0.6875 | F40: =(E40-D40)*24 -> 1 | H40: Manuela Richter | I40: Hauswirtschaft | J40: Entlastungsleistung | K40: =VLOOKUP($B40,[1]Kundenübersicht!$E$4:$AC$1003,MATCH(K$3,[1]Kundenübersicht!$E$3:$BA$3,FALSE),FALSE) -> AOK PLUS | L40: =VLOOKUP(B40,[1]Kundenübersicht!$E$4:$AC$1003,MATCH(L$3,[1]Kundenübersicht!$E$3:$BA$3,FALSE),FALSE) -> 107299005 | M40: =VLOOKUP(B40,[1]Kundenübersicht!$E$4:$AC$1003,MATCH(M$3,[1]Kundenübersicht!$E$3:$BA$3,FALSE),FALSE) -> L212281967 | N40: =VLOOKUP(B40,[1]Kundenübersicht!$E$4:$AC$1003,MATCH(N$3,[1]Kundenübersicht!$E$3:$BA$3,FALSE),FALSE) -> PG 1 | P40: Ja | R40: Unterschrieben | S40: Link | U40: =IF(YEAR(C40)<=2025,IFERROR(IF(I40="Hauswirtschaft",VLOOKUP($B40,[1]Kundenübersicht!$E$4:$BA$1003,MATCH("Hauswirtschaft [€/Stunde]",[1]Kundenübersicht!$E$3:$BA$3,FALSE),FALSE),VLOOKUP($B40,[1]Kundenübersicht!$E$4:$BA$1003,MATCH("Alltagsbegleitung [€/Stunde]",[1]Kundenübersicht!$E$3:$BA$3,FALSE),FALSE)),0),IFERROR(IF(I40="Hauswirtschaft",VLOOKUP($B40,[1]Kundenübersicht!$E$4:$BA$1003,MATCH("HW ab 2026 [€/Stunde]",[1]Kundenübersicht!$E$3:$BA$3,FALSE),FALSE),VLOOKUP($B40,[1]Kundenübersicht!$E$4:$BA$1003,MATCH("Alltagsbegleitung [€/Stunde]",[1]Kundenübersicht!$E$3:$BA$3,FALSE),FALSE)),0)) -> 32.75 | V40: =U40*F40 -> 32.75 | W40: =IF(AND(YEAR(C40)<=2025,X40="Alt"),0,G40*0.35) -> 0 | X40: =VLOOKUP(B40,[1]Kundenübersicht!E:AG,MATCH($X$3,[1]Kundenübersicht!$E$3:$AY$3,0),FALSE) -> Alt | Z40: Ja | AC40: 45917 | AE40: =YEAR(C40) -> 2025 | AF40: =IF(MONTH(C40)<=9,"0"&MONTH(C40)&"."&YEAR(C40),MONTH(C40)&"."&YEAR(C40)) -> 07.2025 | AG40: =IF(H40="","",H40) -> Manuela Richter | AH40: =IFERROR(VLOOKUP(B40,[1]Kundenübersicht!$E$4:$F$85,2,FALSE),"") -> Lothar Krawalski | AI40: =IF(I40="","",I40) -> Hauswirtschaft | AJ40: =IF(J40="","",J40) -> Entlastungsleistung | AL40: =IF(I40="Hauswirtschaft",38,42) -> 38 | AM40: =AL40*F40 -> 38 | AN40: =G40*0.35 -> 0
B41: 00011|Martin|Schmidt | C41: 45856 | D41: 0.60416667 | E41: 0.625 | F41: =(E41-D41)*24 -> 0.5 | H41: Christiane Fiebag | I41: Hauswirtschaft | J41: Entlastungsleistung | K41: =VLOOKUP($B41,[1]Kundenübersicht!$E$4:$AC$1003,MATCH(K$3,[1]Kundenübersicht!$E$3:$BA$3,FALSE),FALSE) -> Techniker Krankenkasse | L41: =VLOOKUP(B41,[1]Kundenübersicht!$E$4:$AC$1003,MATCH(L$3,[1]Kundenübersicht!$E$3:$BA$3,FALSE),FALSE) -> 101575519 | M41: =VLOOKUP(B41,[1]Kundenübersicht!$E$4:$AC$1003,MATCH(M$3,[1]Kundenübersicht!$E$3:$BA$3,FALSE),FALSE) -> E759973784 | N41: =VLOOKUP(B41,[1]Kundenübersicht!$E$4:$AC$1003,MATCH(N$3,[1]Kundenübersicht!$E$3:$BA$3,FALSE),FALSE) -> PG 2 | P41: Ja | R41: Unterschrieben | S41: Link | U41: =IF(YEAR(C41)<=2025,IFERROR(IF(I41="Hauswirtschaft",VLOOKUP($B41,[1]Kundenübersicht!$E$4:$BA$1003,MATCH("Hauswirtschaft [€/Stunde]",[1]Kundenübersicht!$E$3:$BA$3,FALSE),FALSE),VLOOKUP($B41,[1]Kundenübersicht!$E$4:$BA$1003,MATCH("Alltagsbegleitung [€/Stunde]",[1]Kundenübersicht!$E$3:$BA$3,FALSE),FALSE)),0),IFERROR(IF(I41="Hauswirtschaft",VLOOKUP($B41,[1]Kundenübersicht!$E$4:$BA$1003,MATCH("HW ab 2026 [€/Stunde]",[1]Kundenübersicht!$E$3:$BA$3,FALSE),FALSE),VLOOKUP($B41,[1]Kundenübersicht!$E$4:$BA$1003,MATCH("Alltagsbegleitung [€/Stunde]",[1]Kundenübersicht!$E$3:$BA$3,FALSE),FALSE)),0)) -> 32.75 | V41: =U41*F41 -> 16.375 | W41: =IF(AND(YEAR(C41)<=2025,X41="Alt"),0,G41*0.35) -> 0 | X41: =VLOOKUP(B41,[1]Kundenübersicht!E:AG,MATCH($X$3,[1]Kundenübersicht!$E$3:$AY$3,0),FALSE) -> Alt | Z41: Ja | AA41: 45950 | AC41: 45968 | AE41: =YEAR(C41) -> 2025 | AF41: =IF(MONTH(C41)<=9,"0"&MONTH(C41)&"."&YEAR(C41),MONTH(C41)&"."&YEAR(C41)) -> 07.2025 | AG41: =IF(H41="","",H41) -> Christiane Fiebag | AH41: =IFERROR(VLOOKUP(B41,[1]Kundenübersicht!$E$4:$F$85,2,FALSE),"") -> Martin Schmidt | AI41: =IF(I41="","",I41) -> Hauswirtschaft | AJ41: =IF(J41="","",J41) -> Entlastungsleistung | AL41: =IF(I41="Hauswirtschaft",38,42) -> 38 | AM41: =AL41*F41 -> 19 | AN41: =G41*0.35 -> 0
B42: 00014|Inge|Leupold | C42: 45856 | D42: 0.58333333 | E42: 0.625 | F42: =(E42-D42)*24 -> 1 | H42: Manuela Richter | I42: Hauswirtschaft | J42: Entlastungsleistung | K42: =VLOOKUP($B42,[1]Kundenübersicht!$E$4:$AC$1003,MATCH(K$3,[1]Kundenübersicht!$E$3:$BA$3,FALSE),FALSE) -> AOK PLUS | L42: =VLOOKUP(B42,[1]Kundenübersicht!$E$4:$AC$1003,MATCH(L$3,[1]Kundenübersicht!$E$3:$BA$3,FALSE),FALSE) -> 107299005 | M42: =VLOOKUP(B42,[1]Kundenübersicht!$E$4:$AC$1003,MATCH(M$3,[1]Kundenübersicht!$E$3:$BA$3,FALSE),FALSE) -> I323820679 | N42: =VLOOKUP(B42,[1]Kundenübersicht!$E$4:$AC$1003,MATCH(N$3,[1]Kundenübersicht!$E$3:$BA$3,FALSE),FALSE) -> PG 1 | P42: Ja | R42: Unterschrieben | S42: Link | U42: =IF(YEAR(C42)<=2025,IFERROR(IF(I42="Hauswirtschaft",VLOOKUP($B42,[1]Kundenübersicht!$E$4:$BA$1003,MATCH("Hauswirtschaft [€/Stunde]",[1]Kundenübersicht!$E$3:$BA$3,FALSE),FALSE),VLOOKUP($B42,[1]Kundenübersicht!$E$4:$BA$1003,MATCH("Alltagsbegleitung [€/Stunde]",[1]Kundenübersicht!$E$3:$BA$3,FALSE),FALSE)),0),IFERROR(IF(I42="Hauswirtschaft",VLOOKUP($B42,[1]Kundenübersicht!$E$4:$BA$1003,MATCH("HW ab 2026 [€/Stunde]",[1]Kundenübersicht!$E$3:$BA$3,FALSE),FALSE),VLOOKUP($B42,[1]Kundenübersicht!$E$4:$BA$1003,MATCH("Alltagsbegleitung [€/Stunde]",[1]Kundenübersicht!$E$3:$BA$3,FALSE),FALSE)),0)) -> 32.75 | V42: =U42*F42 -> 32.75 | W42: =IF(AND(YEAR(C42)<=2025,X42="Alt"),0,G42*0.35) -> 0 | X42: =VLOOKUP(B42,[1]Kundenübersicht!E:AG,MATCH($X$3,[1]Kundenübersicht!$E$3:$AY$3,0),FALSE) -> Alt | Z42: Ja | AC42: 45917 | AE42: =YEAR(C42) -> 2025 | AF42: =IF(MONTH(C42)<=9,"0"&MONTH(C42)&"."&YEAR(C42),MONTH(C42)&"."&YEAR(C42)) -> 07.2025 | AG42: =IF(H42="","",H42) -> Manuela Richter | AH42: =IFERROR(VLOOKUP(B42,[1]Kundenübersicht!$E$4:$F$85,2,FALSE),"") -> Inge Leupold | AI42: =IF(I42="","",I42) -> Hauswirtschaft | AJ42: =IF(J42="","",J42) -> Entlastungsleistung | AL42: =IF(I42="Hauswirtschaft",38,42) -> 38 | AM42: =AL42*F42 -> 38 | AN42: =G42*0.35 -> 0
B43: 00009|Dieter|Kraft | C43: 45859 | D43: 0.39583333 | E43: 0.4375 | F43: =(E43-D43)*24 -> 1 | H43: Christiane Fiebag | I43: Hauswirtschaft | J43: Entlastungsleistung | K43: =VLOOKUP($B43,[1]Kundenübersicht!$E$4:$AC$1003,MATCH(K$3,[1]Kundenübersicht!$E$3:$BA$3,FALSE),FALSE) -> Barmer Pflegekasse | L43: =VLOOKUP(B43,[1]Kundenübersicht!$E$4:$AC$1003,MATCH(L$3,[1]Kundenübersicht!$E$3:$BA$3,FALSE),FALSE) -> 184940005 | M43: =VLOOKUP(B43,[1]Kundenübersicht!$E$4:$AC$1003,MATCH(M$3,[1]Kundenübersicht!$E$3:$BA$3,FALSE),FALSE) -> Y800652371 | N43: =VLOOKUP(B43,[1]Kundenübersicht!$E$4:$AC$1003,MATCH(N$3,[1]Kundenübersicht!$E$3:$BA$3,FALSE),FALSE) -> PG 1 | P43: Ja | R43: Unterschrieben | S43: Link | U43: =IF(YEAR(C43)<=2025,IFERROR(IF(I43="Hauswirtschaft",VLOOKUP($B43,[1]Kundenübersicht!$E$4:$BA$1003,MATCH("Hauswirtschaft [€/Stunde]",[1]Kundenübersicht!$E$3:$BA$3,FALSE),FALSE),VLOOKUP($B43,[1]Kundenübersicht!$E$4:$BA$1003,MATCH("Alltagsbegleitung [€/Stunde]",[1]Kundenübersicht!$E$3:$BA$3,FALSE),FALSE)),0),IFERROR(IF(I43="Hauswirtschaft",VLOOKUP($B43,[1]Kundenübersicht!$E$4:$BA$1003,MATCH("HW ab 2026 [€/Stunde]",[1]Kundenübersicht!$E$3:$BA$3,FALSE),FALSE),VLOOKUP($B43,[1]Kundenübersicht!$E$4:$BA$1003,MATCH("Alltagsbegleitung [€/Stunde]",[1]Kundenübersicht!$E$3:$BA$3,FALSE),FALSE)),0)) -> 32.75 | V43: =U43*F43 -> 32.75 | W43: =IF(AND(YEAR(C43)<=2025,X43="Alt"),0,G43*0.35) -> 0 | X43: =VLOOKUP(B43,[1]Kundenübersicht!E:AG,MATCH($X$3,[1]Kundenübersicht!$E$3:$AY$3,0),FALSE) -> Alt | Z43: Ja | AE43: =YEAR(C43) -> 2025 | AF43: =IF(MONTH(C43)<=9,"0"&MONTH(C43)&"."&YEAR(C43),MONTH(C43)&"."&YEAR(C43)) -> 07.2025 | AG43: =IF(H43="","",H43) -> Christiane Fiebag | AH43: =IFERROR(VLOOKUP(B43,[1]Kundenübersicht!$E$4:$F$85,2,FALSE),"") -> Dieter Kraft | AI43: =IF(I43="","",I43) -> Hauswirtschaft | AJ43: =IF(J43="","",J43) -> Entlastungsleistung | AL43: =IF(I43="Hauswirtschaft",38,42) -> 38 | AM43: =AL43*F43 -> 38 | AN43: =G43*0.35 -> 0
B44: 00006|Dieter|Berghold | C44: 45859 | D44: 0.45833333 | E44: 0.5 | F44: =(E44-D44)*24 -> 1 | H44: Christiane Fiebag | I44: Hauswirtschaft | J44: Entlastungsleistung | K44: =VLOOKUP($B44,[1]Kundenübersicht!$E$4:$AC$1003,MATCH(K$3,[1]Kundenübersicht!$E$3:$BA$3,FALSE),FALSE) -> AOK PLUS | L44: =VLOOKUP(B44,[1]Kundenübersicht!$E$4:$AC$1003,MATCH(L$3,[1]Kundenübersicht!$E$3:$BA$3,FALSE),FALSE) -> 107299005 | M44: =VLOOKUP(B44,[1]Kundenübersicht!$E$4:$AC$1003,MATCH(M$3,[1]Kundenübersicht!$E$3:$BA$3,FALSE),FALSE) -> R234942678 | N44: =VLOOKUP(B44,[1]Kundenübersicht!$E$4:$AC$1003,MATCH(N$3,[1]Kundenübersicht!$E$3:$BA$3,FALSE),FALSE) -> PG 2 | P44: Ja | R44: Unterschrieben | S44: Link | U44: =IF(YEAR(C44)<=2025,IFERROR(IF(I44="Hauswirtschaft",VLOOKUP($B44,[1]Kundenübersicht!$E$4:$BA$1003,MATCH("Hauswirtschaft [€/Stunde]",[1]Kundenübersicht!$E$3:$BA$3,FALSE),FALSE),VLOOKUP($B44,[1]Kundenübersicht!$E$4:$BA$1003,MATCH("Alltagsbegleitung [€/Stunde]",[1]Kundenübersicht!$E$3:$BA$3,FALSE),FALSE)),0),IFERROR(IF(I44="Hauswirtschaft",VLOOKUP($B44,[1]Kundenübersicht!$E$4:$BA$1003,MATCH("HW ab 2026 [€/Stunde]",[1]Kundenübersicht!$E$3:$BA$3,FALSE),FALSE),VLOOKUP($B44,[1]Kundenübersicht!$E$4:$BA$1003,MATCH("Alltagsbegleitung [€/Stunde]",[1]Kundenübersicht!$E$3:$BA$3,FALSE),FALSE)),0)) -> 32.75 | V44: =U44*F44 -> 32.75 | W44: =IF(AND(YEAR(C44)<=2025,X44="Alt"),0,G44*0.35) -> 0 | X44: =VLOOKUP(B44,[1]Kundenübersicht!E:AG,MATCH($X$3,[1]Kundenübersicht!$E$3:$AY$3,0),FALSE) -> Alt | Z44: Ja | AA44: 45950 | AC44: 45975 | AE44: =YEAR(C44) -> 2025 | AF44: =IF(MONTH(C44)<=9,"0"&MONTH(C44)&"."&YEAR(C44),MONTH(C44)&"."&YEAR(C44)) -> 07.2025 | AG44: =IF(H44="","",H44) -> Christiane Fiebag | AH44: =IFERROR(VLOOKUP(B44,[1]Kundenübersicht!$E$4:$F$85,2,FALSE),"") -> Dieter Berghold | AI44: =IF(I44="","",I44) -> Hauswirtschaft | AJ44: =IF(J44="","",J44) -> Entlastungsleistung | AL44: =IF(I44="Hauswirtschaft",38,42) -> 38 | AM44: =AL44*F44 -> 38 | AN44: =G44*0.35 -> 0
B45: 00007|Elke|Berghold | C45: 45859 | D45: 0.5 | E45: 0.54166667 | F45: =(E45-D45)*24 -> 1 | H45: Christiane Fiebag | I45: Hauswirtschaft | J45: Entlastungsleistung | K45: =VLOOKUP($B45,[1]Kundenübersicht!$E$4:$AC$1003,MATCH(K$3,[1]Kundenübersicht!$E$3:$BA$3,FALSE),FALSE) -> AOK PLUS | L45: =VLOOKUP(B45,[1]Kundenübersicht!$E$4:$AC$1003,MATCH(L$3,[1]Kundenübersicht!$E$3:$BA$3,FALSE),FALSE) -> 107299005 | M45: =VLOOKUP(B45,[1]Kundenübersicht!$E$4:$AC$1003,MATCH(M$3,[1]Kundenübersicht!$E$3:$BA$3,FALSE),FALSE) -> P722909118 | N45: =VLOOKUP(B45,[1]Kundenübersicht!$E$4:$AC$1003,MATCH(N$3,[1]Kundenübersicht!$E$3:$BA$3,FALSE),FALSE) -> PG 3 | P45: Ja | R45: Unterschrieben | S45: Link | U45: =IF(YEAR(C45)<=2025,IFERROR(IF(I45="Hauswirtschaft",VLOOKUP($B45,[1]Kundenübersicht!$E$4:$BA$1003,MATCH("Hauswirtschaft [€/Stunde]",[1]Kundenübersicht!$E$3:$BA$3,FALSE),FALSE),VLOOKUP($B45,[1]Kundenübersicht!$E$4:$BA$1003,MATCH("Alltagsbegleitung [€/Stunde]",[1]Kundenübersicht!$E$3:$BA$3,FALSE),FALSE)),0),IFERROR(IF(I45="Hauswirtschaft",VLOOKUP($B45,[1]Kundenübersicht!$E$4:$BA$1003,MATCH("HW ab 2026 [€/Stunde]",[1]Kundenübersicht!$E$3:$BA$3,FALSE),FALSE),VLOOKUP($B45,[1]Kundenübersicht!$E$4:$BA$1003,MATCH("Alltagsbegleitung [€/Stunde]",[1]Kundenübersicht!$E$3:$BA$3,FALSE),FALSE)),0)) -> 32.75 | V45: =U45*F45 -> 32.75 | W45: =IF(AND(YEAR(C45)<=2025,X45="Alt"),0,G45*0.35) -> 0 | X45: =VLOOKUP(B45,[1]Kundenübersicht!E:AG,MATCH($X$3,[1]Kundenübersicht!$E$3:$AY$3,0),FALSE) -> Alt | Z45: Ja | AA45: 45950 | AC45: 45975 | AE45: =YEAR(C45) -> 2025 | AF45: =IF(MONTH(C45)<=9,"0"&MONTH(C45)&"."&YEAR(C45),MONTH(C45)&"."&YEAR(C45)) -> 07.2025 | AG45: =IF(H45="","",H45) -> Christiane Fiebag | AH45: =IFERROR(VLOOKUP(B45,[1]Kundenübersicht!$E$4:$F$85,2,FALSE),"") -> Elke Berghold | AI45: =IF(I45="","",I45) -> Hauswirtschaft | AJ45: =IF(J45="","",J45) -> Entlastungsleistung | AL45: =IF(I45="Hauswirtschaft",38,42) -> 38 | AM45: =AL45*F45 -> 38 | AN45: =G45*0.35 -> 0
B46: 00016|Rita|Nitschke | C46: 45859 | D46: 0.54166667 | E46: 0.60416667 | F46: =(E46-D46)*24 -> 1.5 | H46: Christiane Fiebag | I46: Hauswirtschaft | J46: Entlastungsleistung | K46: =VLOOKUP($B46,[1]Kundenübersicht!$E$4:$AC$1003,MATCH(K$3,[1]Kundenübersicht!$E$3:$BA$3,FALSE),FALSE) -> Barmer Pflegekasse | L46: =VLOOKUP(B46,[1]Kundenübersicht!$E$4:$AC$1003,MATCH(L$3,[1]Kundenübersicht!$E$3:$BA$3,FALSE),FALSE) -> 184940005 | M46: =VLOOKUP(B46,[1]Kundenübersicht!$E$4:$AC$1003,MATCH(M$3,[1]Kundenübersicht!$E$3:$BA$3,FALSE),FALSE) -> J775476677 | N46: =VLOOKUP(B46,[1]Kundenübersicht!$E$4:$AC$1003,MATCH(N$3,[1]Kundenübersicht!$E$3:$BA$3,FALSE),FALSE) -> PG 1 | P46: Ja | R46: Unterschrieben | S46: Link | U46: =IF(YEAR(C46)<=2025,IFERROR(IF(I46="Hauswirtschaft",VLOOKUP($B46,[1]Kundenübersicht!$E$4:$BA$1003,MATCH("Hauswirtschaft [€/Stunde]",[1]Kundenübersicht!$E$3:$BA$3,FALSE),FALSE),VLOOKUP($B46,[1]Kundenübersicht!$E$4:$BA$1003,MATCH("Alltagsbegleitung [€/Stunde]",[1]Kundenübersicht!$E$3:$BA$3,FALSE),FALSE)),0),IFERROR(IF(I46="Hauswirtschaft",VLOOKUP($B46,[1]Kundenübersicht!$E$4:$BA$1003,MATCH("HW ab 2026 [€/Stunde]",[1]Kundenübersicht!$E$3:$BA$3,FALSE),FALSE),VLOOKUP($B46,[1]Kundenübersicht!$E$4:$BA$1003,MATCH("Alltagsbegleitung [€/Stunde]",[1]Kundenübersicht!$E$3:$BA$3,FALSE),FALSE)),0)) -> 32.75 | V46: =U46*F46 -> 49.125 | W46: =IF(AND(YEAR(C46)<=2025,X46="Alt"),0,G46*0.35) -> 0 | X46: =VLOOKUP(B46,[1]Kundenübersicht!E:AG,MATCH($X$3,[1]Kundenübersicht!$E$3:$AY$3,0),FALSE) -> Alt | Z46: Ja | AE46: =YEAR(C46) -> 2025 | AF46: =IF(MONTH(C46)<=9,"0"&MONTH(C46)&"."&YEAR(C46),MONTH(C46)&"."&YEAR(C46)) -> 07.2025 | AG46: =IF(H46="","",H46) -> Christiane Fiebag | AH46: =IFERROR(VLOOKUP(B46,[1]Kundenübersicht!$E$4:$F$85,2,FALSE),"") -> Rita Nitschke | AI46: =IF(I46="","",I46) -> Hauswirtschaft | AJ46: =IF(J46="","",J46) -> Entlastungsleistung | AL46: =IF(I46="Hauswirtschaft",38,42) -> 38 | AM46: =AL46*F46 -> 57 | AN46: =G46*0.35 -> 0
B47: 00004|Ingrid|Haufe | C47: 45859 | D47: 0.39583333 | E47: 0.47916667 | F47: =(E47-D47)*24 -> 2 | H47: Celina Panther | I47: Hauswirtschaft | J47: Entlastungsleistung | K47: =VLOOKUP($B47,[1]Kundenübersicht!$E$4:$AC$1003,MATCH(K$3,[1]Kundenübersicht!$E$3:$BA$3,FALSE),FALSE) -> IKK Classic | L47: =VLOOKUP(B47,[1]Kundenübersicht!$E$4:$AC$1003,MATCH(L$3,[1]Kundenübersicht!$E$3:$BA$3,FALSE),FALSE) -> 187202793 | M47: =VLOOKUP(B47,[1]Kundenübersicht!$E$4:$AC$1003,MATCH(M$3,[1]Kundenübersicht!$E$3:$BA$3,FALSE),FALSE) -> X365499146 | N47: =VLOOKUP(B47,[1]Kundenübersicht!$E$4:$AC$1003,MATCH(N$3,[1]Kundenübersicht!$E$3:$BA$3,FALSE),FALSE) -> PG 1 | P47: Ja | R47: Unterschrieben | S47: Link | U47: =IF(YEAR(C47)<=2025,IFERROR(IF(I47="Hauswirtschaft",VLOOKUP($B47,[1]Kundenübersicht!$E$4:$BA$1003,MATCH("Hauswirtschaft [€/Stunde]",[1]Kundenübersicht!$E$3:$BA$3,FALSE),FALSE),VLOOKUP($B47,[1]Kundenübersicht!$E$4:$BA$1003,MATCH("Alltagsbegleitung [€/Stunde]",[1]Kundenübersicht!$E$3:$BA$3,FALSE),FALSE)),0),IFERROR(IF(I47="Hauswirtschaft",VLOOKUP($B47,[1]Kundenübersicht!$E$4:$BA$1003,MATCH("HW ab 2026 [€/Stunde]",[1]Kundenübersicht!$E$3:$BA$3,FALSE),FALSE),VLOOKUP($B47,[1]Kundenübersicht!$E$4:$BA$1003,MATCH("Alltagsbegleitung [€/Stunde]",[1]Kundenübersicht!$E$3:$BA$3,FALSE),FALSE)),0)) -> 32.75 | V47: =U47*F47 -> 65.5 | W47: =IF(AND(YEAR(C47)<=2025,X47="Alt"),0,G47*0.35) -> 0 | X47: =VLOOKUP(B47,[1]Kundenübersicht!E:AG,MATCH($X$3,[1]Kundenübersicht!$E$3:$AY$3,0),FALSE) -> Alt | Z47: Ja | AA47: 45979 | AC47: 45995 | AE47: =YEAR(C47) -> 2025 | AF47: =IF(MONTH(C47)<=9,"0"&MONTH(C47)&"."&YEAR(C47),MONTH(C47)&"."&YEAR(C47)) -> 07.2025 | AG47: =IF(H47="","",H47) -> Celina Panther | AH47: =IFERROR(VLOOKUP(B47,[1]Kundenübersicht!$E$4:$F$85,2,FALSE),"") -> Ingrid Haufe | AI47: =IF(I47="","",I47) -> Hauswirtschaft | AJ47: =IF(J47="","",J47) -> Entlastungsleistung | AL47: =IF(I47="Hauswirtschaft",38,42) -> 38 | AM47: =AL47*F47 -> 76 | AN47: =G47*0.35 -> 0
B48: 00005|Lothar|Haufe | C48: 45859 | D48: 0.47916667 | E48: 0.5625 | F48: =(E48-D48)*24 -> 2 | H48: Celina Panther | I48: Hauswirtschaft | J48: Entlastungsleistung | K48: =VLOOKUP($B48,[1]Kundenübersicht!$E$4:$AC$1003,MATCH(K$3,[1]Kundenübersicht!$E$3:$BA$3,FALSE),FALSE) -> IKK Classic | L48: =VLOOKUP(B48,[1]Kundenübersicht!$E$4:$AC$1003,MATCH(L$3,[1]Kundenübersicht!$E$3:$BA$3,FALSE),FALSE) -> 187202793 | M48: =VLOOKUP(B48,[1]Kundenübersicht!$E$4:$AC$1003,MATCH(M$3,[1]Kundenübersicht!$E$3:$BA$3,FALSE),FALSE) -> E434900220 | N48: =VLOOKUP(B48,[1]Kundenübersicht!$E$4:$AC$1003,MATCH(N$3,[1]Kundenübersicht!$E$3:$BA$3,FALSE),FALSE) -> PG 1 | P48: Ja | R48: Unterschrieben | S48: Link | U48: =IF(YEAR(C48)<=2025,IFERROR(IF(I48="Hauswirtschaft",VLOOKUP($B48,[1]Kundenübersicht!$E$4:$BA$1003,MATCH("Hauswirtschaft [€/Stunde]",[1]Kundenübersicht!$E$3:$BA$3,FALSE),FALSE),VLOOKUP($B48,[1]Kundenübersicht!$E$4:$BA$1003,MATCH("Alltagsbegleitung [€/Stunde]",[1]Kundenübersicht!$E$3:$BA$3,FALSE),FALSE)),0),IFERROR(IF(I48="Hauswirtschaft",VLOOKUP($B48,[1]Kundenübersicht!$E$4:$BA$1003,MATCH("HW ab 2026 [€/Stunde]",[1]Kundenübersicht!$E$3:$BA$3,FALSE),FALSE),VLOOKUP($B48,[1]Kundenübersicht!$E$4:$BA$1003,MATCH("Alltagsbegleitung [€/Stunde]",[1]Kundenübersicht!$E$3:$BA$3,FALSE),FALSE)),0)) -> 32.75 | V48: =U48*F48 -> 65.5 | W48: =IF(AND(YEAR(C48)<=2025,X48="Alt"),0,G48*0.35) -> 0 | X48: =VLOOKUP(B48,[1]Kundenübersicht!E:AG,MATCH($X$3,[1]Kundenübersicht!$E$3:$AY$3,0),FALSE) -> Alt | Z48: Ja | AA48: 45979 | AC48: 45995 | AE48: =YEAR(C48) -> 2025 | AF48: =IF(MONTH(C48)<=9,"0"&MONTH(C48)&"."&YEAR(C48),MONTH(C48)&"."&YEAR(C48)) -> 07.2025 | AG48: =IF(H48="","",H48) -> Celina Panther | AH48: =IFERROR(VLOOKUP(B48,[1]Kundenübersicht!$E$4:$F$85,2,FALSE),"") -> Lothar Haufe | AI48: =IF(I48="","",I48) -> Hauswirtschaft | AJ48: =IF(J48="","",J48) -> Entlastungsleistung | AL48: =IF(I48="Hauswirtschaft",38,42) -> 38 | AM48: =AL48*F48 -> 76 | AN48: =G48*0.35 -> 0
B49: 00010|Helga|Dienelt | C49: 45860 | D49: 0.66666667 | E49: 0.70833333 | F49: =(E49-D49)*24 -> 1 | H49: Franziska Wächtler | I49: Alltagsbegleitung | J49: Entlastungsleistung | K49: =VLOOKUP($B49,[1]Kundenübersicht!$E$4:$AC$1003,MATCH(K$3,[1]Kundenübersicht!$E$3:$BA$3,FALSE),FALSE) -> AOK PLUS | L49: =VLOOKUP(B49,[1]Kundenübersicht!$E$4:$AC$1003,MATCH(L$3,[1]Kundenübersicht!$E$3:$BA$3,FALSE),FALSE) -> 107299005 | M49: =VLOOKUP(B49,[1]Kundenübersicht!$E$4:$AC$1003,MATCH(M$3,[1]Kundenübersicht!$E$3:$BA$3,FALSE),FALSE) -> Q445657677 | N49: =VLOOKUP(B49,[1]Kundenübersicht!$E$4:$AC$1003,MATCH(N$3,[1]Kundenübersicht!$E$3:$BA$3,FALSE),FALSE) -> PG 2 | P49: Ja | R49: Unterschrieben | S49: Link | U49: =IF(YEAR(C49)<=2025,IFERROR(IF(I49="Hauswirtschaft",VLOOKUP($B49,[1]Kundenübersicht!$E$4:$BA$1003,MATCH("Hauswirtschaft [€/Stunde]",[1]Kundenübersicht!$E$3:$BA$3,FALSE),FALSE),VLOOKUP($B49,[1]Kundenübersicht!$E$4:$BA$1003,MATCH("Alltagsbegleitung [€/Stunde]",[1]Kundenübersicht!$E$3:$BA$3,FALSE),FALSE)),0),IFERROR(IF(I49="Hauswirtschaft",VLOOKUP($B49,[1]Kundenübersicht!$E$4:$BA$1003,MATCH("HW ab 2026 [€/Stunde]",[1]Kundenübersicht!$E$3:$BA$3,FALSE),FALSE),VLOOKUP($B49,[1]Kundenübersicht!$E$4:$BA$1003,MATCH("Alltagsbegleitung [€/Stunde]",[1]Kundenübersicht!$E$3:$BA$3,FALSE),FALSE)),0)) -> 42 | V49: =U49*F49 -> 42 | W49: =IF(AND(YEAR(C49)<=2025,X49="Alt"),0,G49*0.35) -> 0 | X49: =VLOOKUP(B49,[1]Kundenübersicht!E:AG,MATCH($X$3,[1]Kundenübersicht!$E$3:$AY$3,0),FALSE) -> Alt | Z49: Ja | AC49: 45917 | AE49: =YEAR(C49) -> 2025 | AF49: =IF(MONTH(C49)<=9,"0"&MONTH(C49)&"."&YEAR(C49),MONTH(C49)&"."&YEAR(C49)) -> 07.2025 | AG49: =IF(H49="","",H49) -> Franziska Wächtler | AH49: =IFERROR(VLOOKUP(B49,[1]Kundenübersicht!$E$4:$F$85,2,FALSE),"") -> Helga Dienelt | AI49: =IF(I49="","",I49) -> Alltagsbegleitung | AJ49: =IF(J49="","",J49) -> Entlastungsleistung | AL49: =IF(I49="Hauswirtschaft",38,42) -> 42 | AM49: =AL49*F49 -> 42 | AN49: =G49*0.35 -> 0
B50: 00014|Inge|Leupold | C50: 45861 | D50: 0.33333333 | E50: 0.375 | F50: =(E50-D50)*24 -> 1 | H50: Manuela Richter | I50: Hauswirtschaft | J50: Entlastungsleistung | K50: =VLOOKUP($B50,[1]Kundenübersicht!$E$4:$AC$1003,MATCH(K$3,[1]Kundenübersicht!$E$3:$BA$3,FALSE),FALSE) -> AOK PLUS | L50: =VLOOKUP(B50,[1]Kundenübersicht!$E$4:$AC$1003,MATCH(L$3,[1]Kundenübersicht!$E$3:$BA$3,FALSE),FALSE) -> 107299005 | M50: =VLOOKUP(B50,[1]Kundenübersicht!$E$4:$AC$1003,MATCH(M$3,[1]Kundenübersicht!$E$3:$BA$3,FALSE),FALSE) -> I323820679 | N50: =VLOOKUP(B50,[1]Kundenübersicht!$E$4:$AC$1003,MATCH(N$3,[1]Kundenübersicht!$E$3:$BA$3,FALSE),FALSE) -> PG 1 | P50: Ja | R50: Unterschrieben | S50: Link | U50: =IF(YEAR(C50)<=2025,IFERROR(IF(I50="Hauswirtschaft",VLOOKUP($B50,[1]Kundenübersicht!$E$4:$BA$1003,MATCH("Hauswirtschaft [€/Stunde]",[1]Kundenübersicht!$E$3:$BA$3,FALSE),FALSE),VLOOKUP($B50,[1]Kundenübersicht!$E$4:$BA$1003,MATCH("Alltagsbegleitung [€/Stunde]",[1]Kundenübersicht!$E$3:$BA$3,FALSE),FALSE)),0),IFERROR(IF(I50="Hauswirtschaft",VLOOKUP($B50,[1]Kundenübersicht!$E$4:$BA$1003,MATCH("HW ab 2026 [€/Stunde]",[1]Kundenübersicht!$E$3:$BA$3,FALSE),FALSE),VLOOKUP($B50,[1]Kundenübersicht!$E$4:$BA$1003,MATCH("Alltagsbegleitung [€/Stunde]",[1]Kundenübersicht!$E$3:$BA$3,FALSE),FALSE)),0)) -> 32.75 | V50: =U50*F50 -> 32.75 | W50: =IF(AND(YEAR(C50)<=2025,X50="Alt"),0,G50*0.35) -> 0 | X50: =VLOOKUP(B50,[1]Kundenübersicht!E:AG,MATCH($X$3,[1]Kundenübersicht!$E$3:$AY$3,0),FALSE) -> Alt | Z50: Ja | AC50: 45917 | AE50: =YEAR(C50) -> 2025 | AF50: =IF(MONTH(C50)<=9,"0"&MONTH(C50)&"."&YEAR(C50),MONTH(C50)&"."&YEAR(C50)) -> 07.2025 | AG50: =IF(H50="","",H50) -> Manuela Richter | AH50: =IFERROR(VLOOKUP(B50,[1]Kundenübersicht!$E$4:$F$85,2,FALSE),"") -> Inge Leupold | AI50: =IF(I50="","",I50) -> Hauswirtschaft | AJ50: =IF(J50="","",J50) -> Entlastungsleistung | AL50: =IF(I50="Hauswirtschaft",38,42) -> 38 | AM50: =AL50*F50 -> 38 | AN50: =G50*0.35 -> 0
B51: 00013|Rita|Neubert | C51: 45862 | D51: 0.60416667 | E51: 0.64583333 | F51: =(E51-D51)*24 -> 1 | H51: Manuela Richter | I51: Hauswirtschaft | J51: Entlastungsleistung | K51: =VLOOKUP($B51,[1]Kundenübersicht!$E$4:$AC$1003,MATCH(K$3,[1]Kundenübersicht!$E$3:$BA$3,FALSE),FALSE) -> AOK PLUS | L51: =VLOOKUP(B51,[1]Kundenübersicht!$E$4:$AC$1003,MATCH(L$3,[1]Kundenübersicht!$E$3:$BA$3,FALSE),FALSE) -> 107299005 | M51: =VLOOKUP(B51,[1]Kundenübersicht!$E$4:$AC$1003,MATCH(M$3,[1]Kundenübersicht!$E$3:$BA$3,FALSE),FALSE) -> T309560658 | N51: =VLOOKUP(B51,[1]Kundenübersicht!$E$4:$AC$1003,MATCH(N$3,[1]Kundenübersicht!$E$3:$BA$3,FALSE),FALSE) -> PG 2 | P51: Ja | R51: Unterschrieben | S51: Link | U51: =IF(YEAR(C51)<=2025,IFERROR(IF(I51="Hauswirtschaft",VLOOKUP($B51,[1]Kundenübersicht!$E$4:$BA$1003,MATCH("Hauswirtschaft [€/Stunde]",[1]Kundenübersicht!$E$3:$BA$3,FALSE),FALSE),VLOOKUP($B51,[1]Kundenübersicht!$E$4:$BA$1003,MATCH("Alltagsbegleitung [€/Stunde]",[1]Kundenübersicht!$E$3:$BA$3,FALSE),FALSE)),0),IFERROR(IF(I51="Hauswirtschaft",VLOOKUP($B51,[1]Kundenübersicht!$E$4:$BA$1003,MATCH("HW ab 2026 [€/Stunde]",[1]Kundenübersicht!$E$3:$BA$3,FALSE),FALSE),VLOOKUP($B51,[1]Kundenübersicht!$E$4:$BA$1003,MATCH("Alltagsbegleitung [€/Stunde]",[1]Kundenübersicht!$E$3:$BA$3,FALSE),FALSE)),0)) -> 32.75 | V51: =U51*F51 -> 32.75 | W51: =IF(AND(YEAR(C51)<=2025,X51="Alt"),0,G51*0.35) -> 0 | X51: =VLOOKUP(B51,[1]Kundenübersicht!E:AG,MATCH($X$3,[1]Kundenübersicht!$E$3:$AY$3,0),FALSE) -> Alt | Z51: Ja | AC51: 45917 | AE51: =YEAR(C51) -> 2025 | AF51: =IF(MONTH(C51)<=9,"0"&MONTH(C51)&"."&YEAR(C51),MONTH(C51)&"."&YEAR(C51)) -> 07.2025 | AG51: =IF(H51="","",H51) -> Manuela Richter | AH51: =IFERROR(VLOOKUP(B51,[1]Kundenübersicht!$E$4:$F$85,2,FALSE),"") -> Rita Neubert | AI51: =IF(I51="","",I51) -> Hauswirtschaft | AJ51: =IF(J51="","",J51) -> Entlastungsleistung | AL51: =IF(I51="Hauswirtschaft",38,42) -> 38 | AM51: =AL51*F51 -> 38 | AN51: =G51*0.35 -> 0
B52: 00012|Lothar|Krawalski | C52: 45863 | D52: 0.58333333 | E52: 0.625 | F52: =(E52-D52)*24 -> 1 | H52: Manuela Richter | I52: Hauswirtschaft | J52: Entlastungsleistung | K52: =VLOOKUP($B52,[1]Kundenübersicht!$E$4:$AC$1003,MATCH(K$3,[1]Kundenübersicht!$E$3:$BA$3,FALSE),FALSE) -> AOK PLUS | L52: =VLOOKUP(B52,[1]Kundenübersicht!$E$4:$AC$1003,MATCH(L$3,[1]Kundenübersicht!$E$3:$BA$3,FALSE),FALSE) -> 107299005 | M52: =VLOOKUP(B52,[1]Kundenübersicht!$E$4:$AC$1003,MATCH(M$3,[1]Kundenübersicht!$E$3:$BA$3,FALSE),FALSE) -> L212281967 | N52: =VLOOKUP(B52,[1]Kundenübersicht!$E$4:$AC$1003,MATCH(N$3,[1]Kundenübersicht!$E$3:$BA$3,FALSE),FALSE) -> PG 1 | P52: Ja | R52: Unterschrieben | S52: Link | U52: =IF(YEAR(C52)<=2025,IFERROR(IF(I52="Hauswirtschaft",VLOOKUP($B52,[1]Kundenübersicht!$E$4:$BA$1003,MATCH("Hauswirtschaft [€/Stunde]",[1]Kundenübersicht!$E$3:$BA$3,FALSE),FALSE),VLOOKUP($B52,[1]Kundenübersicht!$E$4:$BA$1003,MATCH("Alltagsbegleitung [€/Stunde]",[1]Kundenübersicht!$E$3:$BA$3,FALSE),FALSE)),0),IFERROR(IF(I52="Hauswirtschaft",VLOOKUP($B52,[1]Kundenübersicht!$E$4:$BA$1003,MATCH("HW ab 2026 [€/Stunde]",[1]Kundenübersicht!$E$3:$BA$3,FALSE),FALSE),VLOOKUP($B52,[1]Kundenübersicht!$E$4:$BA$1003,MATCH("Alltagsbegleitung [€/Stunde]",[1]Kundenübersicht!$E$3:$BA$3,FALSE),FALSE)),0)) -> 32.75 | V52: =U52*F52 -> 32.75 | W52: =IF(AND(YEAR(C52)<=2025,X52="Alt"),0,G52*0.35) -> 0 | X52: =VLOOKUP(B52,[1]Kundenübersicht!E:AG,MATCH($X$3,[1]Kundenübersicht!$E$3:$AY$3,0),FALSE) -> Alt | Z52: Ja | AC52: 45917 | AE52: =YEAR(C52) -> 2025 | AF52: =IF(MONTH(C52)<=9,"0"&MONTH(C52)&"."&YEAR(C52),MONTH(C52)&"."&YEAR(C52)) -> 07.2025 | AG52: =IF(H52="","",H52) -> Manuela Richter | AH52: =IFERROR(VLOOKUP(B52,[1]Kundenübersicht!$E$4:$F$85,2,FALSE),"") -> Lothar Krawalski | AI52: =IF(I52="","",I52) -> Hauswirtschaft | AJ52: =IF(J52="","",J52) -> Entlastungsleistung | AL52: =IF(I52="Hauswirtschaft",38,42) -> 38 | AM52: =AL52*F52 -> 38 | AN52: =G52*0.35 -> 0
B53: 00006|Dieter|Berghold | C53: 45866 | D53: 0.45833333 | E53: 0.5 | F53: =(E53-D53)*24 -> 1 | H53: Christiane Fiebag | I53: Hauswirtschaft | J53: Entlastungsleistung | K53: =VLOOKUP($B53,[1]Kundenübersicht!$E$4:$AC$1003,MATCH(K$3,[1]Kundenübersicht!$E$3:$BA$3,FALSE),FALSE) -> AOK PLUS | L53: =VLOOKUP(B53,[1]Kundenübersicht!$E$4:$AC$1003,MATCH(L$3,[1]Kundenübersicht!$E$3:$BA$3,FALSE),FALSE) -> 107299005 | M53: =VLOOKUP(B53,[1]Kundenübersicht!$E$4:$AC$1003,MATCH(M$3,[1]Kundenübersicht!$E$3:$BA$3,FALSE),FALSE) -> R234942678 | N53: =VLOOKUP(B53,[1]Kundenübersicht!$E$4:$AC$1003,MATCH(N$3,[1]Kundenübersicht!$E$3:$BA$3,FALSE),FALSE) -> PG 2 | P53: Ja | R53: Unterschrieben | S53: Link | U53: =IF(YEAR(C53)<=2025,IFERROR(IF(I53="Hauswirtschaft",VLOOKUP($B53,[1]Kundenübersicht!$E$4:$BA$1003,MATCH("Hauswirtschaft [€/Stunde]",[1]Kundenübersicht!$E$3:$BA$3,FALSE),FALSE),VLOOKUP($B53,[1]Kundenübersicht!$E$4:$BA$1003,MATCH("Alltagsbegleitung [€/Stunde]",[1]Kundenübersicht!$E$3:$BA$3,FALSE),FALSE)),0),IFERROR(IF(I53="Hauswirtschaft",VLOOKUP($B53,[1]Kundenübersicht!$E$4:$BA$1003,MATCH("HW ab 2026 [€/Stunde]",[1]Kundenübersicht!$E$3:$BA$3,FALSE),FALSE),VLOOKUP($B53,[1]Kundenübersicht!$E$4:$BA$1003,MATCH("Alltagsbegleitung [€/Stunde]",[1]Kundenübersicht!$E$3:$BA$3,FALSE),FALSE)),0)) -> 32.75 | V53: =U53*F53 -> 32.75 | W53: =IF(AND(YEAR(C53)<=2025,X53="Alt"),0,G53*0.35) -> 0 | X53: =VLOOKUP(B53,[1]Kundenübersicht!E:AG,MATCH($X$3,[1]Kundenübersicht!$E$3:$AY$3,0),FALSE) -> Alt | Z53: Ja | AA53: 45950 | AC53: 45975 | AE53: =YEAR(C53) -> 2025 | AF53: =IF(MONTH(C53)<=9,"0"&MONTH(C53)&"."&YEAR(C53),MONTH(C53)&"."&YEAR(C53)) -> 07.2025 | AG53: =IF(H53="","",H53) -> Christiane Fiebag | AH53: =IFERROR(VLOOKUP(B53,[1]Kundenübersicht!$E$4:$F$85,2,FALSE),"") -> Dieter Berghold | AI53: =IF(I53="","",I53) -> Hauswirtschaft | AJ53: =IF(J53="","",J53) -> Entlastungsleistung | AL53: =IF(I53="Hauswirtschaft",38,42) -> 38 | AM53: =AL53*F53 -> 38 | AN53: =G53*0.35 -> 0
B54: 00007|Elke|Berghold | C54: 45866 | D54: 0.5 | E54: 0.54166667 | F54: =(E54-D54)*24 -> 1 | H54: Christiane Fiebag | I54: Hauswirtschaft | J54: Entlastungsleistung | K54: =VLOOKUP($B54,[1]Kundenübersicht!$E$4:$AC$1003,MATCH(K$3,[1]Kundenübersicht!$E$3:$BA$3,FALSE),FALSE) -> AOK PLUS | L54: =VLOOKUP(B54,[1]Kundenübersicht!$E$4:$AC$1003,MATCH(L$3,[1]Kundenübersicht!$E$3:$BA$3,FALSE),FALSE) -> 107299005 | M54: =VLOOKUP(B54,[1]Kundenübersicht!$E$4:$AC$1003,MATCH(M$3,[1]Kundenübersicht!$E$3:$BA$3,FALSE),FALSE) -> P722909118 | N54: =VLOOKUP(B54,[1]Kundenübersicht!$E$4:$AC$1003,MATCH(N$3,[1]Kundenübersicht!$E$3:$BA$3,FALSE),FALSE) -> PG 3 | P54: Ja | R54: Unterschrieben | S54: Link | U54: =IF(YEAR(C54)<=2025,IFERROR(IF(I54="Hauswirtschaft",VLOOKUP($B54,[1]Kundenübersicht!$E$4:$BA$1003,MATCH("Hauswirtschaft [€/Stunde]",[1]Kundenübersicht!$E$3:$BA$3,FALSE),FALSE),VLOOKUP($B54,[1]Kundenübersicht!$E$4:$BA$1003,MATCH("Alltagsbegleitung [€/Stunde]",[1]Kundenübersicht!$E$3:$BA$3,FALSE),FALSE)),0),IFERROR(IF(I54="Hauswirtschaft",VLOOKUP($B54,[1]Kundenübersicht!$E$4:$BA$1003,MATCH("HW ab 2026 [€/Stunde]",[1]Kundenübersicht!$E$3:$BA$3,FALSE),FALSE),VLOOKUP($B54,[1]Kundenübersicht!$E$4:$BA$1003,MATCH("Alltagsbegleitung [€/Stunde]",[1]Kundenübersicht!$E$3:$BA$3,FALSE),FALSE)),0)) -> 32.75 | V54: =U54*F54 -> 32.75 | W54: =IF(AND(YEAR(C54)<=2025,X54="Alt"),0,G54*0.35) -> 0 | X54: =VLOOKUP(B54,[1]Kundenübersicht!E:AG,MATCH($X$3,[1]Kundenübersicht!$E$3:$AY$3,0),FALSE) -> Alt | Z54: Ja | AA54: 45950 | AC54: 45975 | AE54: =YEAR(C54) -> 2025 | AF54: =IF(MONTH(C54)<=9,"0"&MONTH(C54)&"."&YEAR(C54),MONTH(C54)&"."&YEAR(C54)) -> 07.2025 | AG54: =IF(H54="","",H54) -> Christiane Fiebag | AH54: =IFERROR(VLOOKUP(B54,[1]Kundenübersicht!$E$4:$F$85,2,FALSE),"") -> Elke Berghold | AI54: =IF(I54="","",I54) -> Hauswirtschaft | AJ54: =IF(J54="","",J54) -> Entlastungsleistung | AL54: =IF(I54="Hauswirtschaft",38,42) -> 38 | AM54: =AL54*F54 -> 38 | AN54: =G54*0.35 -> 0
B55: 00010|Helga|Dienelt | C55: 45867 | D55: 0.63541667 | E55: 0.67708333 | F55: =(E55-D55)*24 -> 1 | H55: Franziska Wächtler | I55: Alltagsbegleitung | J55: Entlastungsleistung | K55: =VLOOKUP($B55,[1]Kundenübersicht!$E$4:$AC$1003,MATCH(K$3,[1]Kundenübersicht!$E$3:$BA$3,FALSE),FALSE) -> AOK PLUS | L55: =VLOOKUP(B55,[1]Kundenübersicht!$E$4:$AC$1003,MATCH(L$3,[1]Kundenübersicht!$E$3:$BA$3,FALSE),FALSE) -> 107299005 | M55: =VLOOKUP(B55,[1]Kundenübersicht!$E$4:$AC$1003,MATCH(M$3,[1]Kundenübersicht!$E$3:$BA$3,FALSE),FALSE) -> Q445657677 | N55: =VLOOKUP(B55,[1]Kundenübersicht!$E$4:$AC$1003,MATCH(N$3,[1]Kundenübersicht!$E$3:$BA$3,FALSE),FALSE) -> PG 2 | P55: Ja | R55: Unterschrieben | S55: Link | U55: =IF(YEAR(C55)<=2025,IFERROR(IF(I55="Hauswirtschaft",VLOOKUP($B55,[1]Kundenübersicht!$E$4:$BA$1003,MATCH("Hauswirtschaft [€/Stunde]",[1]Kundenübersicht!$E$3:$BA$3,FALSE),FALSE),VLOOKUP($B55,[1]Kundenübersicht!$E$4:$BA$1003,MATCH("Alltagsbegleitung [€/Stunde]",[1]Kundenübersicht!$E$3:$BA$3,FALSE),FALSE)),0),IFERROR(IF(I55="Hauswirtschaft",VLOOKUP($B55,[1]Kundenübersicht!$E$4:$BA$1003,MATCH("HW ab 2026 [€/Stunde]",[1]Kundenübersicht!$E$3:$BA$3,FALSE),FALSE),VLOOKUP($B55,[1]Kundenübersicht!$E$4:$BA$1003,MATCH("Alltagsbegleitung [€/Stunde]",[1]Kundenübersicht!$E$3:$BA$3,FALSE),FALSE)),0)) -> 42 | V55: =U55*F55 -> 42 | W55: =IF(AND(YEAR(C55)<=2025,X55="Alt"),0,G55*0.35) -> 0 | X55: =VLOOKUP(B55,[1]Kundenübersicht!E:AG,MATCH($X$3,[1]Kundenübersicht!$E$3:$AY$3,0),FALSE) -> Alt | Z55: Ja | AC55: 45917 | AE55: =YEAR(C55) -> 2025 | AF55: =IF(MONTH(C55)<=9,"0"&MONTH(C55)&"."&YEAR(C55),MONTH(C55)&"."&YEAR(C55)) -> 07.2025 | AG55: =IF(H55="","",H55) -> Franziska Wächtler | AH55: =IFERROR(VLOOKUP(B55,[1]Kundenübersicht!$E$4:$F$85,2,FALSE),"") -> Helga Dienelt | AI55: =IF(I55="","",I55) -> Alltagsbegleitung | AJ55: =IF(J55="","",J55) -> Entlastungsleistung | AL55: =IF(I55="Hauswirtschaft",38,42) -> 42 | AM55: =AL55*F55 -> 42 | AN55: =G55*0.35 -> 0
B56: 00015|Hella|Reißig | C56: 45869 | D56: 0.66666667 | E56: 0.72916667 | F56: =(E56-D56)*24 -> 1.5 | H56: Manuela Richter | I56: Hauswirtschaft | J56: Entlastungsleistung | K56: KNAPPSCHAFT | L56: 109990508 | M56: F862750970 | N56: =VLOOKUP(B56,[1]Kundenübersicht!$E$4:$AC$1003,MATCH(N$3,[1]Kundenübersicht!$E$3:$BA$3,FALSE),FALSE) -> PG 1 | P56: Ja | R56: Unterschrieben | S56: Link | U56: =IF(YEAR(C56)<=2025,IFERROR(IF(I56="Hauswirtschaft",VLOOKUP($B56,[1]Kundenübersicht!$E$4:$BA$1003,MATCH("Hauswirtschaft [€/Stunde]",[1]Kundenübersicht!$E$3:$BA$3,FALSE),FALSE),VLOOKUP($B56,[1]Kundenübersicht!$E$4:$BA$1003,MATCH("Alltagsbegleitung [€/Stunde]",[1]Kundenübersicht!$E$3:$BA$3,FALSE),FALSE)),0),IFERROR(IF(I56="Hauswirtschaft",VLOOKUP($B56,[1]Kundenübersicht!$E$4:$BA$1003,MATCH("HW ab 2026 [€/Stunde]",[1]Kundenübersicht!$E$3:$BA$3,FALSE),FALSE),VLOOKUP($B56,[1]Kundenübersicht!$E$4:$BA$1003,MATCH("Alltagsbegleitung [€/Stunde]",[1]Kundenübersicht!$E$3:$BA$3,FALSE),FALSE)),0)) -> 32.75 | V56: =U56*F56 -> 49.125 | W56: =IF(AND(YEAR(C56)<=2025,X56="Alt"),0,G56*0.35) -> 0 | X56: =VLOOKUP(B56,[1]Kundenübersicht!E:AG,MATCH($X$3,[1]Kundenübersicht!$E$3:$AY$3,0),FALSE) -> Alt | Z56: Ja | AC56: 45924 | AE56: =YEAR(C56) -> 2025 | AF56: =IF(MONTH(C56)<=9,"0"&MONTH(C56)&"."&YEAR(C56),MONTH(C56)&"."&YEAR(C56)) -> 07.2025 | AG56: =IF(H56="","",H56) -> Manuela Richter | AH56: =IFERROR(VLOOKUP(B56,[1]Kundenübersicht!$E$4:$F$85,2,FALSE),"") -> Hella Reißig | AI56: =IF(I56="","",I56) -> Hauswirtschaft | AJ56: =IF(J56="","",J56) -> Entlastungsleistung | AL56: =IF(I56="Hauswirtschaft",38,42) -> 38 | AM56: =AL56*F56 -> 57 | AN56: =G56*0.35 -> 0
B57: 00001|Rosemarie|Schröder | C57: 45869 | D57: 0.41666667 | E57: 0.5 | F57: =(E57-D57)*24 -> 2 | H57: Celina Panther | I57: Hauswirtschaft | J57: Entlastungsleistung | K57: =VLOOKUP($B57,[1]Kundenübersicht!$E$4:$AC$1003,MATCH(K$3,[1]Kundenübersicht!$E$3:$BA$3,FALSE),FALSE) -> Barmer Pflegekasse | L57: =VLOOKUP(B57,[1]Kundenübersicht!$E$4:$AC$1003,MATCH(L$3,[1]Kundenübersicht!$E$3:$BA$3,FALSE),FALSE) -> 184940005 | M57: =VLOOKUP(B57,[1]Kundenübersicht!$E$4:$AC$1003,MATCH(M$3,[1]Kundenübersicht!$E$3:$BA$3,FALSE),FALSE) -> Z817157321 | N57: =VLOOKUP(B57,[1]Kundenübersicht!$E$4:$AC$1003,MATCH(N$3,[1]Kundenübersicht!$E$3:$BA$3,FALSE),FALSE) -> PG 1 | P57: Ja | R57: Unterschrieben | S57: Link | U57: =IF(YEAR(C57)<=2025,IFERROR(IF(I57="Hauswirtschaft",VLOOKUP($B57,[1]Kundenübersicht!$E$4:$BA$1003,MATCH("Hauswirtschaft [€/Stunde]",[1]Kundenübersicht!$E$3:$BA$3,FALSE),FALSE),VLOOKUP($B57,[1]Kundenübersicht!$E$4:$BA$1003,MATCH("Alltagsbegleitung [€/Stunde]",[1]Kundenübersicht!$E$3:$BA$3,FALSE),FALSE)),0),IFERROR(IF(I57="Hauswirtschaft",VLOOKUP($B57,[1]Kundenübersicht!$E$4:$BA$1003,MATCH("HW ab 2026 [€/Stunde]",[1]Kundenübersicht!$E$3:$BA$3,FALSE),FALSE),VLOOKUP($B57,[1]Kundenübersicht!$E$4:$BA$1003,MATCH("Alltagsbegleitung [€/Stunde]",[1]Kundenübersicht!$E$3:$BA$3,FALSE),FALSE)),0)) -> 32.75 | V57: =U57*F57 -> 65.5 | W57: =IF(AND(YEAR(C57)<=2025,X57="Alt"),0,G57*0.35) -> 0 | X57: =VLOOKUP(B57,[1]Kundenübersicht!E:AG,MATCH($X$3,[1]Kundenübersicht!$E$3:$AY$3,0),FALSE) -> Alt | Z57: Ja | AA57: 45959 | AE57: =YEAR(C57) -> 2025 | AF57: =IF(MONTH(C57)<=9,"0"&MONTH(C57)&"."&YEAR(C57),MONTH(C57)&"."&YEAR(C57)) -> 07.2025 | AG57: =IF(H57="","",H57) -> Celina Panther | AH57: =IFERROR(VLOOKUP(B57,[1]Kundenübersicht!$E$4:$F$85,2,FALSE),"") -> Rosemarie Schröder | AI57: =IF(I57="","",I57) -> Hauswirtschaft | AJ57: =IF(J57="","",J57) -> Entlastungsleistung | AL57: =IF(I57="Hauswirtschaft",38,42) -> 38 | AM57: =AL57*F57 -> 76 | AN57: =G57*0.35 -> 0
B58: 00007|Elke|Berghold | C58: 45873 | D58: 0.5 | E58: 0.54166667 | F58: =(E58-D58)*24 -> 1 | H58: Christiane Fiebag | I58: Hauswirtschaft | J58: Entlastungsleistung | K58: =VLOOKUP($B58,[1]Kundenübersicht!$E$4:$AC$1003,MATCH(K$3,[1]Kundenübersicht!$E$3:$BA$3,FALSE),FALSE) -> AOK PLUS | L58: =VLOOKUP(B58,[1]Kundenübersicht!$E$4:$AC$1003,MATCH(L$3,[1]Kundenübersicht!$E$3:$BA$3,FALSE),FALSE) -> 107299005 | M58: =VLOOKUP(B58,[1]Kundenübersicht!$E$4:$AC$1003,MATCH(M$3,[1]Kundenübersicht!$E$3:$BA$3,FALSE),FALSE) -> P722909118 | N58: =VLOOKUP(B58,[1]Kundenübersicht!$E$4:$AC$1003,MATCH(N$3,[1]Kundenübersicht!$E$3:$BA$3,FALSE),FALSE) -> PG 3 | P58: Ja | R58: Unterschrieben | S58: Link | U58: =IF(YEAR(C58)<=2025,IFERROR(IF(I58="Hauswirtschaft",VLOOKUP($B58,[1]Kundenübersicht!$E$4:$BA$1003,MATCH("Hauswirtschaft [€/Stunde]",[1]Kundenübersicht!$E$3:$BA$3,FALSE),FALSE),VLOOKUP($B58,[1]Kundenübersicht!$E$4:$BA$1003,MATCH("Alltagsbegleitung [€/Stunde]",[1]Kundenübersicht!$E$3:$BA$3,FALSE),FALSE)),0),IFERROR(IF(I58="Hauswirtschaft",VLOOKUP($B58,[1]Kundenübersicht!$E$4:$BA$1003,MATCH("HW ab 2026 [€/Stunde]",[1]Kundenübersicht!$E$3:$BA$3,FALSE),FALSE),VLOOKUP($B58,[1]Kundenübersicht!$E$4:$BA$1003,MATCH("Alltagsbegleitung [€/Stunde]",[1]Kundenübersicht!$E$3:$BA$3,FALSE),FALSE)),0)) -> 32.75 | V58: =U58*F58 -> 32.75 | W58: =IF(AND(YEAR(C58)<=2025,X58="Alt"),0,G58*0.35) -> 0 | X58: =VLOOKUP(B58,[1]Kundenübersicht!E:AG,MATCH($X$3,[1]Kundenübersicht!$E$3:$AY$3,0),FALSE) -> Alt | Z58: Ja | AA58: 45922 | AC58: 46035 | AE58: =YEAR(C58) -> 2025 | AF58: =IF(MONTH(C58)<=9,"0"&MONTH(C58)&"."&YEAR(C58),MONTH(C58)&"."&YEAR(C58)) -> 08.2025 | AG58: =IF(H58="","",H58) -> Christiane Fiebag | AH58: =IFERROR(VLOOKUP(B58,[1]Kundenübersicht!$E$4:$F$85,2,FALSE),"") -> Elke Berghold | AI58: =IF(I58="","",I58) -> Hauswirtschaft | AJ58: =IF(J58="","",J58) -> Entlastungsleistung | AL58: =IF(I58="Hauswirtschaft",38,42) -> 38 | AM58: =AL58*F58 -> 38 | AN58: =G58*0.35 -> 0
B59: 00007|Elke|Berghold | C59: 45880 | D59: 0.5 | E59: 0.54166667 | F59: =(E59-D59)*24 -> 1 | H59: Christiane Fiebag | I59: Hauswirtschaft | J59: Entlastungsleistung | K59: =VLOOKUP($B59,[1]Kundenübersicht!$E$4:$AC$1003,MATCH(K$3,[1]Kundenübersicht!$E$3:$BA$3,FALSE),FALSE) -> AOK PLUS | L59: =VLOOKUP(B59,[1]Kundenübersicht!$E$4:$AC$1003,MATCH(L$3,[1]Kundenübersicht!$E$3:$BA$3,FALSE),FALSE) -> 107299005 | M59: =VLOOKUP(B59,[1]Kundenübersicht!$E$4:$AC$1003,MATCH(M$3,[1]Kundenübersicht!$E$3:$BA$3,FALSE),FALSE) -> P722909118 | N59: =VLOOKUP(B59,[1]Kundenübersicht!$E$4:$AC$1003,MATCH(N$3,[1]Kundenübersicht!$E$3:$BA$3,FALSE),FALSE) -> PG 3 | P59: Ja | R59: Unterschrieben | S59: Link | U59: =IF(YEAR(C59)<=2025,IFERROR(IF(I59="Hauswirtschaft",VLOOKUP($B59,[1]Kundenübersicht!$E$4:$BA$1003,MATCH("Hauswirtschaft [€/Stunde]",[1]Kundenübersicht!$E$3:$BA$3,FALSE),FALSE),VLOOKUP($B59,[1]Kundenübersicht!$E$4:$BA$1003,MATCH("Alltagsbegleitung [€/Stunde]",[1]Kundenübersicht!$E$3:$BA$3,FALSE),FALSE)),0),IFERROR(IF(I59="Hauswirtschaft",VLOOKUP($B59,[1]Kundenübersicht!$E$4:$BA$1003,MATCH("HW ab 2026 [€/Stunde]",[1]Kundenübersicht!$E$3:$BA$3,FALSE),FALSE),VLOOKUP($B59,[1]Kundenübersicht!$E$4:$BA$1003,MATCH("Alltagsbegleitung [€/Stunde]",[1]Kundenübersicht!$E$3:$BA$3,FALSE),FALSE)),0)) -> 32.75 | V59: =U59*F59 -> 32.75 | W59: =IF(AND(YEAR(C59)<=2025,X59="Alt"),0,G59*0.35) -> 0 | X59: =VLOOKUP(B59,[1]Kundenübersicht!E:AG,MATCH($X$3,[1]Kundenübersicht!$E$3:$AY$3,0),FALSE) -> Alt | Z59: Ja | AA59: 45922 | AC59: 46035 | AE59: =YEAR(C59) -> 2025 | AF59: =IF(MONTH(C59)<=9,"0"&MONTH(C59)&"."&YEAR(C59),MONTH(C59)&"."&YEAR(C59)) -> 08.2025 | AG59: =IF(H59="","",H59) -> Christiane Fiebag | AH59: =IFERROR(VLOOKUP(B59,[1]Kundenübersicht!$E$4:$F$85,2,FALSE),"") -> Elke Berghold | AI59: =IF(I59="","",I59) -> Hauswirtschaft | AJ59: =IF(J59="","",J59) -> Entlastungsleistung | AL59: =IF(I59="Hauswirtschaft",38,42) -> 38 | AM59: =AL59*F59 -> 38 | AN59: =G59*0.35 -> 0
B60: 00017|Matthias|Roß | C60: 45874 | D60: 0.41666667 | E60: 0.5 | F60: =(E60-D60)*24 -> 2 | H60: Doreen Luzyna | I60: Hauswirtschaft | J60: Entlastungsleistung | K60: =VLOOKUP($B60,[1]Kundenübersicht!$E$4:$AC$1003,MATCH(K$3,[1]Kundenübersicht!$E$3:$BA$3,FALSE),FALSE) -> AOK PLUS | L60: =VLOOKUP(B60,[1]Kundenübersicht!$E$4:$AC$1003,MATCH(L$3,[1]Kundenübersicht!$E$3:$BA$3,FALSE),FALSE) -> 107299005 | M60: =VLOOKUP(B60,[1]Kundenübersicht!$E$4:$AC$1003,MATCH(M$3,[1]Kundenübersicht!$E$3:$BA$3,FALSE),FALSE) -> G562042888 | N60: =VLOOKUP(B60,[1]Kundenübersicht!$E$4:$AC$1003,MATCH(N$3,[1]Kundenübersicht!$E$3:$BA$3,FALSE),FALSE) -> PG 2 | P60: Ja | R60: Unterschrieben | S60: Link | U60: =IF(YEAR(C60)<=2025,IFERROR(IF(I60="Hauswirtschaft",VLOOKUP($B60,[1]Kundenübersicht!$E$4:$BA$1003,MATCH("Hauswirtschaft [€/Stunde]",[1]Kundenübersicht!$E$3:$BA$3,FALSE),FALSE),VLOOKUP($B60,[1]Kundenübersicht!$E$4:$BA$1003,MATCH("Alltagsbegleitung [€/Stunde]",[1]Kundenübersicht!$E$3:$BA$3,FALSE),FALSE)),0),IFERROR(IF(I60="Hauswirtschaft",VLOOKUP($B60,[1]Kundenübersicht!$E$4:$BA$1003,MATCH("HW ab 2026 [€/Stunde]",[1]Kundenübersicht!$E$3:$BA$3,FALSE),FALSE),VLOOKUP($B60,[1]Kundenübersicht!$E$4:$BA$1003,MATCH("Alltagsbegleitung [€/Stunde]",[1]Kundenübersicht!$E$3:$BA$3,FALSE),FALSE)),0)) -> 32.75 | V60: =U60*F60 -> 65.5 | W60: =IF(AND(YEAR(C60)<=2025,X60="Alt"),0,G60*0.35) -> 0 | X60: =VLOOKUP(B60,[1]Kundenübersicht!E:AG,MATCH($X$3,[1]Kundenübersicht!$E$3:$AY$3,0),FALSE) -> Alt | Z60: Ja | AA60: 45922 | AC60: 46035 | AE60: =YEAR(C60) -> 2025 | AF60: =IF(MONTH(C60)<=9,"0"&MONTH(C60)&"."&YEAR(C60),MONTH(C60)&"."&YEAR(C60)) -> 08.2025 | AG60: =IF(H60="","",H60) -> Doreen Luzyna | AH60: =IFERROR(VLOOKUP(B60,[1]Kundenübersicht!$E$4:$F$85,2,FALSE),"") -> Matthias Roß | AI60: =IF(I60="","",I60) -> Hauswirtschaft | AJ60: =IF(J60="","",J60) -> Entlastungsleistung | AL60: =IF(I60="Hauswirtschaft",38,42) -> 38 | AM60: =AL60*F60 -> 76 | AN60: =G60*0.35 -> 0
B61: 00010|Helga|Dienelt | C61: 45874 | D61: 0.70833333 | E61: 0.75 | F61: =(E61-D61)*24 -> 1 | H61: Franziska Wächtler | I61: Alltagsbegleitung | J61: Entlastungsleistung | K61: =VLOOKUP($B61,[1]Kundenübersicht!$E$4:$AC$1003,MATCH(K$3,[1]Kundenübersicht!$E$3:$BA$3,FALSE),FALSE) -> AOK PLUS | L61: =VLOOKUP(B61,[1]Kundenübersicht!$E$4:$AC$1003,MATCH(L$3,[1]Kundenübersicht!$E$3:$BA$3,FALSE),FALSE) -> 107299005 | M61: =VLOOKUP(B61,[1]Kundenübersicht!$E$4:$AC$1003,MATCH(M$3,[1]Kundenübersicht!$E$3:$BA$3,FALSE),FALSE) -> Q445657677 | N61: =VLOOKUP(B61,[1]Kundenübersicht!$E$4:$AC$1003,MATCH(N$3,[1]Kundenübersicht!$E$3:$BA$3,FALSE),FALSE) -> PG 2 | P61: Ja | R61: Unterschrieben | S61: Link | U61: =IF(YEAR(C61)<=2025,IFERROR(IF(I61="Hauswirtschaft",VLOOKUP($B61,[1]Kundenübersicht!$E$4:$BA$1003,MATCH("Hauswirtschaft [€/Stunde]",[1]Kundenübersicht!$E$3:$BA$3,FALSE),FALSE),VLOOKUP($B61,[1]Kundenübersicht!$E$4:$BA$1003,MATCH("Alltagsbegleitung [€/Stunde]",[1]Kundenübersicht!$E$3:$BA$3,FALSE),FALSE)),0),IFERROR(IF(I61="Hauswirtschaft",VLOOKUP($B61,[1]Kundenübersicht!$E$4:$BA$1003,MATCH("HW ab 2026 [€/Stunde]",[1]Kundenübersicht!$E$3:$BA$3,FALSE),FALSE),VLOOKUP($B61,[1]Kundenübersicht!$E$4:$BA$1003,MATCH("Alltagsbegleitung [€/Stunde]",[1]Kundenübersicht!$E$3:$BA$3,FALSE),FALSE)),0)) -> 42 | V61: =U61*F61 -> 42 | W61: =IF(AND(YEAR(C61)<=2025,X61="Alt"),0,G61*0.35) -> 0 | X61: =VLOOKUP(B61,[1]Kundenübersicht!E:AG,MATCH($X$3,[1]Kundenübersicht!$E$3:$AY$3,0),FALSE) -> Alt | Z61: Ja | AA61: 45922 | AC61: 46035 | AE61: =YEAR(C61) -> 2025 | AF61: =IF(MONTH(C61)<=9,"0"&MONTH(C61)&"."&YEAR(C61),MONTH(C61)&"."&YEAR(C61)) -> 08.2025 | AG61: =IF(H61="","",H61) -> Franziska Wächtler | AH61: =IFERROR(VLOOKUP(B61,[1]Kundenübersicht!$E$4:$F$85,2,FALSE),"") -> Helga Dienelt | AI61: =IF(I61="","",I61) -> Alltagsbegleitung | AJ61: =IF(J61="","",J61) -> Entlastungsleistung | AL61: =IF(I61="Hauswirtschaft",38,42) -> 42 | AM61: =AL61*F61 -> 42 | AN61: =G61*0.35 -> 0
B62: 00005|Lothar|Haufe | C62: 45875 | D62: 0.35416667 | E62: 0.4375 | F62: =(E62-D62)*24 -> 2 | H62: Doreen Luzyna | I62: Hauswirtschaft | J62: Entlastungsleistung | K62: =VLOOKUP($B62,[1]Kundenübersicht!$E$4:$AC$1003,MATCH(K$3,[1]Kundenübersicht!$E$3:$BA$3,FALSE),FALSE) -> IKK Classic | L62: =VLOOKUP(B62,[1]Kundenübersicht!$E$4:$AC$1003,MATCH(L$3,[1]Kundenübersicht!$E$3:$BA$3,FALSE),FALSE) -> 187202793 | M62: =VLOOKUP(B62,[1]Kundenübersicht!$E$4:$AC$1003,MATCH(M$3,[1]Kundenübersicht!$E$3:$BA$3,FALSE),FALSE) -> E434900220 | N62: =VLOOKUP(B62,[1]Kundenübersicht!$E$4:$AC$1003,MATCH(N$3,[1]Kundenübersicht!$E$3:$BA$3,FALSE),FALSE) -> PG 1 | P62: Ja | R62: Unterschrieben | S62: Link | U62: =IF(YEAR(C62)<=2025,IFERROR(IF(I62="Hauswirtschaft",VLOOKUP($B62,[1]Kundenübersicht!$E$4:$BA$1003,MATCH("Hauswirtschaft [€/Stunde]",[1]Kundenübersicht!$E$3:$BA$3,FALSE),FALSE),VLOOKUP($B62,[1]Kundenübersicht!$E$4:$BA$1003,MATCH("Alltagsbegleitung [€/Stunde]",[1]Kundenübersicht!$E$3:$BA$3,FALSE),FALSE)),0),IFERROR(IF(I62="Hauswirtschaft",VLOOKUP($B62,[1]Kundenübersicht!$E$4:$BA$1003,MATCH("HW ab 2026 [€/Stunde]",[1]Kundenübersicht!$E$3:$BA$3,FALSE),FALSE),VLOOKUP($B62,[1]Kundenübersicht!$E$4:$BA$1003,MATCH("Alltagsbegleitung [€/Stunde]",[1]Kundenübersicht!$E$3:$BA$3,FALSE),FALSE)),0)) -> 32.75 | V62: =U62*F62 -> 65.5 | W62: =IF(AND(YEAR(C62)<=2025,X62="Alt"),0,G62*0.35) -> 0 | X62: =VLOOKUP(B62,[1]Kundenübersicht!E:AG,MATCH($X$3,[1]Kundenübersicht!$E$3:$AY$3,0),FALSE) -> Alt | Z62: Ja | AA62: 45950 | AC62: 45967 | AE62: =YEAR(C62) -> 2025 | AF62: =IF(MONTH(C62)<=9,"0"&MONTH(C62)&"."&YEAR(C62),MONTH(C62)&"."&YEAR(C62)) -> 08.2025 | AG62: =IF(H62="","",H62) -> Doreen Luzyna | AH62: =IFERROR(VLOOKUP(B62,[1]Kundenübersicht!$E$4:$F$85,2,FALSE),"") -> Lothar Haufe | AI62: =IF(I62="","",I62) -> Hauswirtschaft | AJ62: =IF(J62="","",J62) -> Entlastungsleistung | AL62: =IF(I62="Hauswirtschaft",38,42) -> 38 | AM62: =AL62*F62 -> 76 | AN62: =G62*0.35 -> 0
B63: 00004|Ingrid|Haufe | C63: 45875 | D63: 0.4375 | E63: 0.52083333 | F63: =(E63-D63)*24 -> 2 | H63: Doreen Luzyna | I63: Hauswirtschaft | J63: Entlastungsleistung | K63: =VLOOKUP($B63,[1]Kundenübersicht!$E$4:$AC$1003,MATCH(K$3,[1]Kundenübersicht!$E$3:$BA$3,FALSE),FALSE) -> IKK Classic | L63: =VLOOKUP(B63,[1]Kundenübersicht!$E$4:$AC$1003,MATCH(L$3,[1]Kundenübersicht!$E$3:$BA$3,FALSE),FALSE) -> 187202793 | M63: =VLOOKUP(B63,[1]Kundenübersicht!$E$4:$AC$1003,MATCH(M$3,[1]Kundenübersicht!$E$3:$BA$3,FALSE),FALSE) -> X365499146 | N63: =VLOOKUP(B63,[1]Kundenübersicht!$E$4:$AC$1003,MATCH(N$3,[1]Kundenübersicht!$E$3:$BA$3,FALSE),FALSE) -> PG 1 | P63: Ja | R63: Unterschrieben | S63: Link | U63: =IF(YEAR(C63)<=2025,IFERROR(IF(I63="Hauswirtschaft",VLOOKUP($B63,[1]Kundenübersicht!$E$4:$BA$1003,MATCH("Hauswirtschaft [€/Stunde]",[1]Kundenübersicht!$E$3:$BA$3,FALSE),FALSE),VLOOKUP($B63,[1]Kundenübersicht!$E$4:$BA$1003,MATCH("Alltagsbegleitung [€/Stunde]",[1]Kundenübersicht!$E$3:$BA$3,FALSE),FALSE)),0),IFERROR(IF(I63="Hauswirtschaft",VLOOKUP($B63,[1]Kundenübersicht!$E$4:$BA$1003,MATCH("HW ab 2026 [€/Stunde]",[1]Kundenübersicht!$E$3:$BA$3,FALSE),FALSE),VLOOKUP($B63,[1]Kundenübersicht!$E$4:$BA$1003,MATCH("Alltagsbegleitung [€/Stunde]",[1]Kundenübersicht!$E$3:$BA$3,FALSE),FALSE)),0)) -> 32.75 | V63: =U63*F63 -> 65.5 | W63: =IF(AND(YEAR(C63)<=2025,X63="Alt"),0,G63*0.35) -> 0 | X63: =VLOOKUP(B63,[1]Kundenübersicht!E:AG,MATCH($X$3,[1]Kundenübersicht!$E$3:$AY$3,0),FALSE) -> Alt | Z63: Ja | AA63: 45950 | AC63: 45967 | AE63: =YEAR(C63) -> 2025 | AF63: =IF(MONTH(C63)<=9,"0"&MONTH(C63)&"."&YEAR(C63),MONTH(C63)&"."&YEAR(C63)) -> 08.2025 | AG63: =IF(H63="","",H63) -> Doreen Luzyna | AH63: =IFERROR(VLOOKUP(B63,[1]Kundenübersicht!$E$4:$F$85,2,FALSE),"") -> Ingrid Haufe | AI63: =IF(I63="","",I63) -> Hauswirtschaft | AJ63: =IF(J63="","",J63) -> Entlastungsleistung | AL63: =IF(I63="Hauswirtschaft",38,42) -> 38 | AM63: =AL63*F63 -> 76 | AN63: =G63*0.35 -> 0
B64: 00018|Gudrun|Hentschel | C64: 45876 | D64: 0.41666667 | E64: 0.45833333 | F64: =(E64-D64)*24 -> 1 | H64: Doreen Luzyna | I64: Hauswirtschaft | J64: Entlastungsleistung | K64: =VLOOKUP($B64,[1]Kundenübersicht!$E$4:$AC$1003,MATCH(K$3,[1]Kundenübersicht!$E$3:$BA$3,FALSE),FALSE) -> Barmer Pflegekasse | L64: =VLOOKUP(B64,[1]Kundenübersicht!$E$4:$AC$1003,MATCH(L$3,[1]Kundenübersicht!$E$3:$BA$3,FALSE),FALSE) -> 184940005 | M64: =VLOOKUP(B64,[1]Kundenübersicht!$E$4:$AC$1003,MATCH(M$3,[1]Kundenübersicht!$E$3:$BA$3,FALSE),FALSE) -> F006688944 | N64: =VLOOKUP(B64,[1]Kundenübersicht!$E$4:$AC$1003,MATCH(N$3,[1]Kundenübersicht!$E$3:$BA$3,FALSE),FALSE) -> PG 1 | P64: Ja | R64: Unterschrieben | S64: Link | U64: =IF(YEAR(C64)<=2025,IFERROR(IF(I64="Hauswirtschaft",VLOOKUP($B64,[1]Kundenübersicht!$E$4:$BA$1003,MATCH("Hauswirtschaft [€/Stunde]",[1]Kundenübersicht!$E$3:$BA$3,FALSE),FALSE),VLOOKUP($B64,[1]Kundenübersicht!$E$4:$BA$1003,MATCH("Alltagsbegleitung [€/Stunde]",[1]Kundenübersicht!$E$3:$BA$3,FALSE),FALSE)),0),IFERROR(IF(I64="Hauswirtschaft",VLOOKUP($B64,[1]Kundenübersicht!$E$4:$BA$1003,MATCH("HW ab 2026 [€/Stunde]",[1]Kundenübersicht!$E$3:$BA$3,FALSE),FALSE),VLOOKUP($B64,[1]Kundenübersicht!$E$4:$BA$1003,MATCH("Alltagsbegleitung [€/Stunde]",[1]Kundenübersicht!$E$3:$BA$3,FALSE),FALSE)),0)) -> 32.75 | V64: =U64*F64 -> 32.75 | W64: =IF(AND(YEAR(C64)<=2025,X64="Alt"),0,G64*0.35) -> 0 | X64: =VLOOKUP(B64,[1]Kundenübersicht!E:AG,MATCH($X$3,[1]Kundenübersicht!$E$3:$AY$3,0),FALSE) -> Alt | Z64: Ja | AA64: 45959 | AE64: =YEAR(C64) -> 2025 | AF64: =IF(MONTH(C64)<=9,"0"&MONTH(C64)&"."&YEAR(C64),MONTH(C64)&"."&YEAR(C64)) -> 08.2025 | AG64: =IF(H64="","",H64) -> Doreen Luzyna | AH64: =IFERROR(VLOOKUP(B64,[1]Kundenübersicht!$E$4:$F$85,2,FALSE),"") -> Gudrun Hentschel | AI64: =IF(I64="","",I64) -> Hauswirtschaft | AJ64: =IF(J64="","",J64) -> Entlastungsleistung | AL64: =IF(I64="Hauswirtschaft",38,42) -> 38 | AM64: =AL64*F64 -> 38 | AN64: =G64*0.35 -> 0
B65: 00015|Hella|Reißig | C65: 45876 | D65: 0.47916667 | E65: 0.54166667 | F65: =(E65-D65)*24 -> 1.5 | H65: Doreen Luzyna | I65: Hauswirtschaft | J65: Entlastungsleistung | K65: KNAPPSCHAFT | L65: 109990508 | M65: F862750970 | N65: =VLOOKUP(B65,[1]Kundenübersicht!$E$4:$AC$1003,MATCH(N$3,[1]Kundenübersicht!$E$3:$BA$3,FALSE),FALSE) -> PG 1 | P65: Ja | R65: Unterschrieben | S65: Link | U65: =IF(YEAR(C65)<=2025,IFERROR(IF(I65="Hauswirtschaft",VLOOKUP($B65,[1]Kundenübersicht!$E$4:$BA$1003,MATCH("Hauswirtschaft [€/Stunde]",[1]Kundenübersicht!$E$3:$BA$3,FALSE),FALSE),VLOOKUP($B65,[1]Kundenübersicht!$E$4:$BA$1003,MATCH("Alltagsbegleitung [€/Stunde]",[1]Kundenübersicht!$E$3:$BA$3,FALSE),FALSE)),0),IFERROR(IF(I65="Hauswirtschaft",VLOOKUP($B65,[1]Kundenübersicht!$E$4:$BA$1003,MATCH("HW ab 2026 [€/Stunde]",[1]Kundenübersicht!$E$3:$BA$3,FALSE),FALSE),VLOOKUP($B65,[1]Kundenübersicht!$E$4:$BA$1003,MATCH("Alltagsbegleitung [€/Stunde]",[1]Kundenübersicht!$E$3:$BA$3,FALSE),FALSE)),0)) -> 32.75 | V65: =U65*F65 -> 49.125 | W65: =IF(AND(YEAR(C65)<=2025,X65="Alt"),0,G65*0.35) -> 0 | X65: =VLOOKUP(B65,[1]Kundenübersicht!E:AG,MATCH($X$3,[1]Kundenübersicht!$E$3:$AY$3,0),FALSE) -> Alt | Z65: Ja | AE65: =YEAR(C65) -> 2025 | AF65: =IF(MONTH(C65)<=9,"0"&MONTH(C65)&"."&YEAR(C65),MONTH(C65)&"."&YEAR(C65)) -> 08.2025 | AG65: =IF(H65="","",H65) -> Doreen Luzyna | AH65: =IFERROR(VLOOKUP(B65,[1]Kundenübersicht!$E$4:$F$85,2,FALSE),"") -> Hella Reißig | AI65: =IF(I65="","",I65) -> Hauswirtschaft | AJ65: =IF(J65="","",J65) -> Entlastungsleistung | AL65: =IF(I65="Hauswirtschaft",38,42) -> 38 | AM65: =AL65*F65 -> 57 | AN65: =G65*0.35 -> 0
B66: 00002|Wolfgang|Nagler | C66: 45880 | D66: 0.33333333 | E66: 0.41666667 | F66: =(E66-D66)*24 -> 2 | H66: Christiane Fiebag | I66: Hauswirtschaft | J66: Entlastungsleistung | K66: =VLOOKUP($B66,[1]Kundenübersicht!$E$4:$AC$1003,MATCH(K$3,[1]Kundenübersicht!$E$3:$BA$3,FALSE),FALSE) -> IKK Classic | L66: =VLOOKUP(B66,[1]Kundenübersicht!$E$4:$AC$1003,MATCH(L$3,[1]Kundenübersicht!$E$3:$BA$3,FALSE),FALSE) -> 187202793 | M66: =VLOOKUP(B66,[1]Kundenübersicht!$E$4:$AC$1003,MATCH(M$3,[1]Kundenübersicht!$E$3:$BA$3,FALSE),FALSE) -> A268233642 | N66: =VLOOKUP(B66,[1]Kundenübersicht!$E$4:$AC$1003,MATCH(N$3,[1]Kundenübersicht!$E$3:$BA$3,FALSE),FALSE) -> PG 2 | P66: Ja | R66: Unterschrieben | S66: Link | U66: =IF(YEAR(C66)<=2025,IFERROR(IF(I66="Hauswirtschaft",VLOOKUP($B66,[1]Kundenübersicht!$E$4:$BA$1003,MATCH("Hauswirtschaft [€/Stunde]",[1]Kundenübersicht!$E$3:$BA$3,FALSE),FALSE),VLOOKUP($B66,[1]Kundenübersicht!$E$4:$BA$1003,MATCH("Alltagsbegleitung [€/Stunde]",[1]Kundenübersicht!$E$3:$BA$3,FALSE),FALSE)),0),IFERROR(IF(I66="Hauswirtschaft",VLOOKUP($B66,[1]Kundenübersicht!$E$4:$BA$1003,MATCH("HW ab 2026 [€/Stunde]",[1]Kundenübersicht!$E$3:$BA$3,FALSE),FALSE),VLOOKUP($B66,[1]Kundenübersicht!$E$4:$BA$1003,MATCH("Alltagsbegleitung [€/Stunde]",[1]Kundenübersicht!$E$3:$BA$3,FALSE),FALSE)),0)) -> 32.75 | V66: =U66*F66 -> 65.5 | W66: =IF(AND(YEAR(C66)<=2025,X66="Alt"),0,G66*0.35) -> 0 | X66: =VLOOKUP(B66,[1]Kundenübersicht!E:AG,MATCH($X$3,[1]Kundenübersicht!$E$3:$AY$3,0),FALSE) -> Alt | Z66: Ja | AA66: 45950 | AC66: 45967 | AE66: =YEAR(C66) -> 2025 | AF66: =IF(MONTH(C66)<=9,"0"&MONTH(C66)&"."&YEAR(C66),MONTH(C66)&"."&YEAR(C66)) -> 08.2025 | AG66: =IF(H66="","",H66) -> Christiane Fiebag | AH66: =IFERROR(VLOOKUP(B66,[1]Kundenübersicht!$E$4:$F$85,2,FALSE),"") -> Wolfgang Nagler | AI66: =IF(I66="","",I66) -> Hauswirtschaft | AJ66: =IF(J66="","",J66) -> Entlastungsleistung | AL66: =IF(I66="Hauswirtschaft",38,42) -> 38 | AM66: =AL66*F66 -> 76 | AN66: =G66*0.35 -> 0
B67: 00007|Elke|Berghold | C67: 45887 | D67: 0.5 | E67: 0.54166667 | F67: =(E67-D67)*24 -> 1 | H67: Christiane Fiebag | I67: Hauswirtschaft | J67: Entlastungsleistung | K67: =VLOOKUP($B67,[1]Kundenübersicht!$E$4:$AC$1003,MATCH(K$3,[1]Kundenübersicht!$E$3:$BA$3,FALSE),FALSE) -> AOK PLUS | L67: =VLOOKUP(B67,[1]Kundenübersicht!$E$4:$AC$1003,MATCH(L$3,[1]Kundenübersicht!$E$3:$BA$3,FALSE),FALSE) -> 107299005 | M67: =VLOOKUP(B67,[1]Kundenübersicht!$E$4:$AC$1003,MATCH(M$3,[1]Kundenübersicht!$E$3:$BA$3,FALSE),FALSE) -> P722909118 | N67: =VLOOKUP(B67,[1]Kundenübersicht!$E$4:$AC$1003,MATCH(N$3,[1]Kundenübersicht!$E$3:$BA$3,FALSE),FALSE) -> PG 3 | P67: Ja | R67: Unterschrieben | S67: Link | U67: =IF(YEAR(C67)<=2025,IFERROR(IF(I67="Hauswirtschaft",VLOOKUP($B67,[1]Kundenübersicht!$E$4:$BA$1003,MATCH("Hauswirtschaft [€/Stunde]",[1]Kundenübersicht!$E$3:$BA$3,FALSE),FALSE),VLOOKUP($B67,[1]Kundenübersicht!$E$4:$BA$1003,MATCH("Alltagsbegleitung [€/Stunde]",[1]Kundenübersicht!$E$3:$BA$3,FALSE),FALSE)),0),IFERROR(IF(I67="Hauswirtschaft",VLOOKUP($B67,[1]Kundenübersicht!$E$4:$BA$1003,MATCH("HW ab 2026 [€/Stunde]",[1]Kundenübersicht!$E$3:$BA$3,FALSE),FALSE),VLOOKUP($B67,[1]Kundenübersicht!$E$4:$BA$1003,MATCH("Alltagsbegleitung [€/Stunde]",[1]Kundenübersicht!$E$3:$BA$3,FALSE),FALSE)),0)) -> 32.75 | V67: =U67*F67 -> 32.75 | W67: =IF(AND(YEAR(C67)<=2025,X67="Alt"),0,G67*0.35) -> 0 | X67: =VLOOKUP(B67,[1]Kundenübersicht!E:AG,MATCH($X$3,[1]Kundenübersicht!$E$3:$AY$3,0),FALSE) -> Alt | Z67: Ja | AA67: 45922 | AC67: 46035 | AE67: =YEAR(C67) -> 2025 | AF67: =IF(MONTH(C67)<=9,"0"&MONTH(C67)&"."&YEAR(C67),MONTH(C67)&"."&YEAR(C67)) -> 08.2025 | AG67: =IF(H67="","",H67) -> Christiane Fiebag | AH67: =IFERROR(VLOOKUP(B67,[1]Kundenübersicht!$E$4:$F$85,2,FALSE),"") -> Elke Berghold | AI67: =IF(I67="","",I67) -> Hauswirtschaft | AJ67: =IF(J67="","",J67) -> Entlastungsleistung | AL67: =IF(I67="Hauswirtschaft",38,42) -> 38 | AM67: =AL67*F67 -> 38 | AN67: =G67*0.35 -> 0
B68: 00006|Dieter|Berghold | C68: 45873 | D68: 0.45833333 | E68: 0.5 | F68: =(E68-D68)*24 -> 1 | H68: Christiane Fiebag | I68: Hauswirtschaft | J68: Entlastungsleistung | K68: =VLOOKUP($B68,[1]Kundenübersicht!$E$4:$AC$1003,MATCH(K$3,[1]Kundenübersicht!$E$3:$BA$3,FALSE),FALSE) -> AOK PLUS | L68: =VLOOKUP(B68,[1]Kundenübersicht!$E$4:$AC$1003,MATCH(L$3,[1]Kundenübersicht!$E$3:$BA$3,FALSE),FALSE) -> 107299005 | M68: =VLOOKUP(B68,[1]Kundenübersicht!$E$4:$AC$1003,MATCH(M$3,[1]Kundenübersicht!$E$3:$BA$3,FALSE),FALSE) -> R234942678 | N68: =VLOOKUP(B68,[1]Kundenübersicht!$E$4:$AC$1003,MATCH(N$3,[1]Kundenübersicht!$E$3:$BA$3,FALSE),FALSE) -> PG 2 | P68: Ja | R68: Unterschrieben | S68: Link | U68: =IF(YEAR(C68)<=2025,IFERROR(IF(I68="Hauswirtschaft",VLOOKUP($B68,[1]Kundenübersicht!$E$4:$BA$1003,MATCH("Hauswirtschaft [€/Stunde]",[1]Kundenübersicht!$E$3:$BA$3,FALSE),FALSE),VLOOKUP($B68,[1]Kundenübersicht!$E$4:$BA$1003,MATCH("Alltagsbegleitung [€/Stunde]",[1]Kundenübersicht!$E$3:$BA$3,FALSE),FALSE)),0),IFERROR(IF(I68="Hauswirtschaft",VLOOKUP($B68,[1]Kundenübersicht!$E$4:$BA$1003,MATCH("HW ab 2026 [€/Stunde]",[1]Kundenübersicht!$E$3:$BA$3,FALSE),FALSE),VLOOKUP($B68,[1]Kundenübersicht!$E$4:$BA$1003,MATCH("Alltagsbegleitung [€/Stunde]",[1]Kundenübersicht!$E$3:$BA$3,FALSE),FALSE)),0)) -> 32.75 | V68: =U68*F68 -> 32.75 | W68: =IF(AND(YEAR(C68)<=2025,X68="Alt"),0,G68*0.35) -> 0 | X68: =VLOOKUP(B68,[1]Kundenübersicht!E:AG,MATCH($X$3,[1]Kundenübersicht!$E$3:$AY$3,0),FALSE) -> Alt | Z68: Ja | AA68: 45922 | AC68: 46035 | AE68: =YEAR(C68) -> 2025 | AF68: =IF(MONTH(C68)<=9,"0"&MONTH(C68)&"."&YEAR(C68),MONTH(C68)&"."&YEAR(C68)) -> 08.2025 | AG68: =IF(H68="","",H68) -> Christiane Fiebag | AH68: =IFERROR(VLOOKUP(B68,[1]Kundenübersicht!$E$4:$F$85,2,FALSE),"") -> Dieter Berghold | AI68: =IF(I68="","",I68) -> Hauswirtschaft | AJ68: =IF(J68="","",J68) -> Entlastungsleistung | AL68: =IF(I68="Hauswirtschaft",38,42) -> 38 | AM68: =AL68*F68 -> 38 | AN68: =G68*0.35 -> 0
B69: 00003|Günter|Marx | C69: 45880 | D69: 0.5625 | E69: 0.64583333 | F69: =(E69-D69)*24 -> 2 | H69: Christiane Fiebag | I69: Hauswirtschaft | J69: Entlastungsleistung | K69: =VLOOKUP($B69,[1]Kundenübersicht!$E$4:$AC$1003,MATCH(K$3,[1]Kundenübersicht!$E$3:$BA$3,FALSE),FALSE) -> Siemens Betriebskrankenkasse | L69: =VLOOKUP(B69,[1]Kundenübersicht!$E$4:$AC$1003,MATCH(L$3,[1]Kundenübersicht!$E$3:$BA$3,FALSE),FALSE) -> 108833505 | M69: =VLOOKUP(B69,[1]Kundenübersicht!$E$4:$AC$1003,MATCH(M$3,[1]Kundenübersicht!$E$3:$BA$3,FALSE),FALSE) -> U297967139 | N69: =VLOOKUP(B69,[1]Kundenübersicht!$E$4:$AC$1003,MATCH(N$3,[1]Kundenübersicht!$E$3:$BA$3,FALSE),FALSE) -> PG 2 | P69: Ja | R69: Unterschrieben | S69: Link | U69: =IF(YEAR(C69)<=2025,IFERROR(IF(I69="Hauswirtschaft",VLOOKUP($B69,[1]Kundenübersicht!$E$4:$BA$1003,MATCH("Hauswirtschaft [€/Stunde]",[1]Kundenübersicht!$E$3:$BA$3,FALSE),FALSE),VLOOKUP($B69,[1]Kundenübersicht!$E$4:$BA$1003,MATCH("Alltagsbegleitung [€/Stunde]",[1]Kundenübersicht!$E$3:$BA$3,FALSE),FALSE)),0),IFERROR(IF(I69="Hauswirtschaft",VLOOKUP($B69,[1]Kundenübersicht!$E$4:$BA$1003,MATCH("HW ab 2026 [€/Stunde]",[1]Kundenübersicht!$E$3:$BA$3,FALSE),FALSE),VLOOKUP($B69,[1]Kundenübersicht!$E$4:$BA$1003,MATCH("Alltagsbegleitung [€/Stunde]",[1]Kundenübersicht!$E$3:$BA$3,FALSE),FALSE)),0)) -> 32.75 | V69: =U69*F69 -> 65.5 | W69: =IF(AND(YEAR(C69)<=2025,X69="Alt"),0,G69*0.35) -> 0 | X69: =VLOOKUP(B69,[1]Kundenübersicht!E:AG,MATCH($X$3,[1]Kundenübersicht!$E$3:$AY$3,0),FALSE) -> Alt | Z69: Ja | AA69: 45961 | AC69: 46007 | AE69: =YEAR(C69) -> 2025 | AF69: =IF(MONTH(C69)<=9,"0"&MONTH(C69)&"."&YEAR(C69),MONTH(C69)&"."&YEAR(C69)) -> 08.2025 | AG69: =IF(H69="","",H69) -> Christiane Fiebag | AH69: =IFERROR(VLOOKUP(B69,[1]Kundenübersicht!$E$4:$F$85,2,FALSE),"") -> Günter Marx | AI69: =IF(I69="","",I69) -> Hauswirtschaft | AJ69: =IF(J69="","",J69) -> Entlastungsleistung | AL69: =IF(I69="Hauswirtschaft",38,42) -> 38 | AM69: =AL69*F69 -> 76 | AN69: =G69*0.35 -> 0
B70: 00009|Dieter|Kraft | C70: 45882 | D70: 0.45833333 | E70: 0.52083333 | F70: =(E70-D70)*24 -> 1.5 | H70: Christiane Fiebag | I70: Hauswirtschaft | J70: Entlastungsleistung | K70: =VLOOKUP($B70,[1]Kundenübersicht!$E$4:$AC$1003,MATCH(K$3,[1]Kundenübersicht!$E$3:$BA$3,FALSE),FALSE) -> Barmer Pflegekasse | L70: =VLOOKUP(B70,[1]Kundenübersicht!$E$4:$AC$1003,MATCH(L$3,[1]Kundenübersicht!$E$3:$BA$3,FALSE),FALSE) -> 184940005 | M70: =VLOOKUP(B70,[1]Kundenübersicht!$E$4:$AC$1003,MATCH(M$3,[1]Kundenübersicht!$E$3:$BA$3,FALSE),FALSE) -> Y800652371 | N70: =VLOOKUP(B70,[1]Kundenübersicht!$E$4:$AC$1003,MATCH(N$3,[1]Kundenübersicht!$E$3:$BA$3,FALSE),FALSE) -> PG 1 | P70: Ja | R70: Unterschrieben | S70: Link | U70: =IF(YEAR(C70)<=2025,IFERROR(IF(I70="Hauswirtschaft",VLOOKUP($B70,[1]Kundenübersicht!$E$4:$BA$1003,MATCH("Hauswirtschaft [€/Stunde]",[1]Kundenübersicht!$E$3:$BA$3,FALSE),FALSE),VLOOKUP($B70,[1]Kundenübersicht!$E$4:$BA$1003,MATCH("Alltagsbegleitung [€/Stunde]",[1]Kundenübersicht!$E$3:$BA$3,FALSE),FALSE)),0),IFERROR(IF(I70="Hauswirtschaft",VLOOKUP($B70,[1]Kundenübersicht!$E$4:$BA$1003,MATCH("HW ab 2026 [€/Stunde]",[1]Kundenübersicht!$E$3:$BA$3,FALSE),FALSE),VLOOKUP($B70,[1]Kundenübersicht!$E$4:$BA$1003,MATCH("Alltagsbegleitung [€/Stunde]",[1]Kundenübersicht!$E$3:$BA$3,FALSE),FALSE)),0)) -> 32.75 | V70: =U70*F70 -> 49.125 | W70: =IF(AND(YEAR(C70)<=2025,X70="Alt"),0,G70*0.35) -> 0 | X70: =VLOOKUP(B70,[1]Kundenübersicht!E:AG,MATCH($X$3,[1]Kundenübersicht!$E$3:$AY$3,0),FALSE) -> Alt | Z70: Ja | AA70: 45959 | AC70: 46029 | AE70: =YEAR(C70) -> 2025 | AF70: =IF(MONTH(C70)<=9,"0"&MONTH(C70)&"."&YEAR(C70),MONTH(C70)&"."&YEAR(C70)) -> 08.2025 | AG70: =IF(H70="","",H70) -> Christiane Fiebag | AH70: =IFERROR(VLOOKUP(B70,[1]Kundenübersicht!$E$4:$F$85,2,FALSE),"") -> Dieter Kraft | AI70: =IF(I70="","",I70) -> Hauswirtschaft | AJ70: =IF(J70="","",J70) -> Entlastungsleistung | AL70: =IF(I70="Hauswirtschaft",38,42) -> 38 | AM70: =AL70*F70 -> 57 | AN70: =G70*0.35 -> 0
B71: 00017|Matthias|Roß | C71: 45882 | D71: 0.33333333 | E71: 0.41666667 | F71: =(E71-D71)*24 -> 2 | H71: Christiane Fiebag | I71: Hauswirtschaft | J71: Entlastungsleistung | K71: =VLOOKUP($B71,[1]Kundenübersicht!$E$4:$AC$1003,MATCH(K$3,[1]Kundenübersicht!$E$3:$BA$3,FALSE),FALSE) -> AOK PLUS | L71: =VLOOKUP(B71,[1]Kundenübersicht!$E$4:$AC$1003,MATCH(L$3,[1]Kundenübersicht!$E$3:$BA$3,FALSE),FALSE) -> 107299005 | M71: =VLOOKUP(B71,[1]Kundenübersicht!$E$4:$AC$1003,MATCH(M$3,[1]Kundenübersicht!$E$3:$BA$3,FALSE),FALSE) -> G562042888 | N71: =VLOOKUP(B71,[1]Kundenübersicht!$E$4:$AC$1003,MATCH(N$3,[1]Kundenübersicht!$E$3:$BA$3,FALSE),FALSE) -> PG 2 | P71: Ja | R71: Unterschrieben | S71: Link | U71: =IF(YEAR(C71)<=2025,IFERROR(IF(I71="Hauswirtschaft",VLOOKUP($B71,[1]Kundenübersicht!$E$4:$BA$1003,MATCH("Hauswirtschaft [€/Stunde]",[1]Kundenübersicht!$E$3:$BA$3,FALSE),FALSE),VLOOKUP($B71,[1]Kundenübersicht!$E$4:$BA$1003,MATCH("Alltagsbegleitung [€/Stunde]",[1]Kundenübersicht!$E$3:$BA$3,FALSE),FALSE)),0),IFERROR(IF(I71="Hauswirtschaft",VLOOKUP($B71,[1]Kundenübersicht!$E$4:$BA$1003,MATCH("HW ab 2026 [€/Stunde]",[1]Kundenübersicht!$E$3:$BA$3,FALSE),FALSE),VLOOKUP($B71,[1]Kundenübersicht!$E$4:$BA$1003,MATCH("Alltagsbegleitung [€/Stunde]",[1]Kundenübersicht!$E$3:$BA$3,FALSE),FALSE)),0)) -> 32.75 | V71: =U71*F71 -> 65.5 | W71: =IF(AND(YEAR(C71)<=2025,X71="Alt"),0,G71*0.35) -> 0 | X71: =VLOOKUP(B71,[1]Kundenübersicht!E:AG,MATCH($X$3,[1]Kundenübersicht!$E$3:$AY$3,0),FALSE) -> Alt | Z71: Ja | AA71: 45922 | AC71: 46035 | AE71: =YEAR(C71) -> 2025 | AF71: =IF(MONTH(C71)<=9,"0"&MONTH(C71)&"."&YEAR(C71),MONTH(C71)&"."&YEAR(C71)) -> 08.2025 | AG71: =IF(H71="","",H71) -> Christiane Fiebag | AH71: =IFERROR(VLOOKUP(B71,[1]Kundenübersicht!$E$4:$F$85,2,FALSE),"") -> Matthias Roß | AI71: =IF(I71="","",I71) -> Hauswirtschaft | AJ71: =IF(J71="","",J71) -> Entlastungsleistung | AL71: =IF(I71="Hauswirtschaft",38,42) -> 38 | AM71: =AL71*F71 -> 76 | AN71: =G71*0.35 -> 0
B72: 00014|Inge|Leupold | C72: 45882 | D72: 0.33333333 | E72: 0.375 | F72: =(E72-D72)*24 -> 1 | H72: Manuela Richter | I72: Hauswirtschaft | J72: Entlastungsleistung | K72: =VLOOKUP($B72,[1]Kundenübersicht!$E$4:$AC$1003,MATCH(K$3,[1]Kundenübersicht!$E$3:$BA$3,FALSE),FALSE) -> AOK PLUS | L72: =VLOOKUP(B72,[1]Kundenübersicht!$E$4:$AC$1003,MATCH(L$3,[1]Kundenübersicht!$E$3:$BA$3,FALSE),FALSE) -> 107299005 | M72: =VLOOKUP(B72,[1]Kundenübersicht!$E$4:$AC$1003,MATCH(M$3,[1]Kundenübersicht!$E$3:$BA$3,FALSE),FALSE) -> I323820679 | N72: =VLOOKUP(B72,[1]Kundenübersicht!$E$4:$AC$1003,MATCH(N$3,[1]Kundenübersicht!$E$3:$BA$3,FALSE),FALSE) -> PG 1 | P72: Ja | R72: Unterschrieben | S72: Link | U72: =IF(YEAR(C72)<=2025,IFERROR(IF(I72="Hauswirtschaft",VLOOKUP($B72,[1]Kundenübersicht!$E$4:$BA$1003,MATCH("Hauswirtschaft [€/Stunde]",[1]Kundenübersicht!$E$3:$BA$3,FALSE),FALSE),VLOOKUP($B72,[1]Kundenübersicht!$E$4:$BA$1003,MATCH("Alltagsbegleitung [€/Stunde]",[1]Kundenübersicht!$E$3:$BA$3,FALSE),FALSE)),0),IFERROR(IF(I72="Hauswirtschaft",VLOOKUP($B72,[1]Kundenübersicht!$E$4:$BA$1003,MATCH("HW ab 2026 [€/Stunde]",[1]Kundenübersicht!$E$3:$BA$3,FALSE),FALSE),VLOOKUP($B72,[1]Kundenübersicht!$E$4:$BA$1003,MATCH("Alltagsbegleitung [€/Stunde]",[1]Kundenübersicht!$E$3:$BA$3,FALSE),FALSE)),0)) -> 32.75 | V72: =U72*F72 -> 32.75 | W72: =IF(AND(YEAR(C72)<=2025,X72="Alt"),0,G72*0.35) -> 0 | X72: =VLOOKUP(B72,[1]Kundenübersicht!E:AG,MATCH($X$3,[1]Kundenübersicht!$E$3:$AY$3,0),FALSE) -> Alt | Z72: Ja | AA72: 45922 | AC72: 46035 | AE72: =YEAR(C72) -> 2025 | AF72: =IF(MONTH(C72)<=9,"0"&MONTH(C72)&"."&YEAR(C72),MONTH(C72)&"."&YEAR(C72)) -> 08.2025 | AG72: =IF(H72="","",H72) -> Manuela Richter | AH72: =IFERROR(VLOOKUP(B72,[1]Kundenübersicht!$E$4:$F$85,2,FALSE),"") -> Inge Leupold | AI72: =IF(I72="","",I72) -> Hauswirtschaft | AJ72: =IF(J72="","",J72) -> Entlastungsleistung | AL72: =IF(I72="Hauswirtschaft",38,42) -> 38 | AM72: =AL72*F72 -> 38 | AN72: =G72*0.35 -> 0
B73: 00019|Egon|Bochmann | C73: 45882 | D73: 0.375 | E73: 0.41666667 | F73: =(E73-D73)*24 -> 1 | H73: Doreen Luzyna | I73: Alltagsbegleitung | J73: Entlastungsleistung | K73: =VLOOKUP($B73,[1]Kundenübersicht!$E$4:$AC$1003,MATCH(K$3,[1]Kundenübersicht!$E$3:$BA$3,FALSE),FALSE) -> AOK PLUS | L73: =VLOOKUP(B73,[1]Kundenübersicht!$E$4:$AC$1003,MATCH(L$3,[1]Kundenübersicht!$E$3:$BA$3,FALSE),FALSE) -> 107299005 | M73: =VLOOKUP(B73,[1]Kundenübersicht!$E$4:$AC$1003,MATCH(M$3,[1]Kundenübersicht!$E$3:$BA$3,FALSE),FALSE) -> N303904545 | N73: =VLOOKUP(B73,[1]Kundenübersicht!$E$4:$AC$1003,MATCH(N$3,[1]Kundenübersicht!$E$3:$BA$3,FALSE),FALSE) -> PG 1 | P73: Ja | R73: Unterschrieben | S73: Link | U73: =IF(YEAR(C73)<=2025,IFERROR(IF(I73="Hauswirtschaft",VLOOKUP($B73,[1]Kundenübersicht!$E$4:$BA$1003,MATCH("Hauswirtschaft [€/Stunde]",[1]Kundenübersicht!$E$3:$BA$3,FALSE),FALSE),VLOOKUP($B73,[1]Kundenübersicht!$E$4:$BA$1003,MATCH("Alltagsbegleitung [€/Stunde]",[1]Kundenübersicht!$E$3:$BA$3,FALSE),FALSE)),0),IFERROR(IF(I73="Hauswirtschaft",VLOOKUP($B73,[1]Kundenübersicht!$E$4:$BA$1003,MATCH("HW ab 2026 [€/Stunde]",[1]Kundenübersicht!$E$3:$BA$3,FALSE),FALSE),VLOOKUP($B73,[1]Kundenübersicht!$E$4:$BA$1003,MATCH("Alltagsbegleitung [€/Stunde]",[1]Kundenübersicht!$E$3:$BA$3,FALSE),FALSE)),0)) -> 42 | V73: =U73*F73 -> 42 | W73: =IF(AND(YEAR(C73)<=2025,X73="Alt"),0,G73*0.35) -> 0 | X73: =VLOOKUP(B73,[1]Kundenübersicht!E:AG,MATCH($X$3,[1]Kundenübersicht!$E$3:$AY$3,0),FALSE) -> Alt | Z73: Ja | AA73: 45922 | AC73: 46035 | AE73: =YEAR(C73) -> 2025 | AF73: =IF(MONTH(C73)<=9,"0"&MONTH(C73)&"."&YEAR(C73),MONTH(C73)&"."&YEAR(C73)) -> 08.2025 | AG73: =IF(H73="","",H73) -> Doreen Luzyna | AH73: =IFERROR(VLOOKUP(B73,[1]Kundenübersicht!$E$4:$F$85,2,FALSE),"") -> Egon Bochmann | AI73: =IF(I73="","",I73) -> Alltagsbegleitung | AJ73: =IF(J73="","",J73) -> Entlastungsleistung | AL73: =IF(I73="Hauswirtschaft",38,42) -> 42 | AM73: =AL73*F73 -> 42 | AN73: =G73*0.35 -> 0
B74: 00020|Bernd|Fischer | C74: 45882 | D74: 0.4375 | E74: 0.46875 | F74: =(E74-D74)*24 -> 0.75 | H74: Doreen Luzyna | I74: Hauswirtschaft | J74: Entlastungsleistung | K74: =VLOOKUP($B74,[1]Kundenübersicht!$E$4:$AC$1003,MATCH(K$3,[1]Kundenübersicht!$E$3:$BA$3,FALSE),FALSE) -> IKK Classic | L74: =VLOOKUP(B74,[1]Kundenübersicht!$E$4:$AC$1003,MATCH(L$3,[1]Kundenübersicht!$E$3:$BA$3,FALSE),FALSE) -> 187202793 | M74: =VLOOKUP(B74,[1]Kundenübersicht!$E$4:$AC$1003,MATCH(M$3,[1]Kundenübersicht!$E$3:$BA$3,FALSE),FALSE) -> G520510754 | N74: =VLOOKUP(B74,[1]Kundenübersicht!$E$4:$AC$1003,MATCH(N$3,[1]Kundenübersicht!$E$3:$BA$3,FALSE),FALSE) -> PG 2 | P74: Ja | R74: Unterschrieben | S74: Link | U74: =IF(YEAR(C74)<=2025,IFERROR(IF(I74="Hauswirtschaft",VLOOKUP($B74,[1]Kundenübersicht!$E$4:$BA$1003,MATCH("Hauswirtschaft [€/Stunde]",[1]Kundenübersicht!$E$3:$BA$3,FALSE),FALSE),VLOOKUP($B74,[1]Kundenübersicht!$E$4:$BA$1003,MATCH("Alltagsbegleitung [€/Stunde]",[1]Kundenübersicht!$E$3:$BA$3,FALSE),FALSE)),0),IFERROR(IF(I74="Hauswirtschaft",VLOOKUP($B74,[1]Kundenübersicht!$E$4:$BA$1003,MATCH("HW ab 2026 [€/Stunde]",[1]Kundenübersicht!$E$3:$BA$3,FALSE),FALSE),VLOOKUP($B74,[1]Kundenübersicht!$E$4:$BA$1003,MATCH("Alltagsbegleitung [€/Stunde]",[1]Kundenübersicht!$E$3:$BA$3,FALSE),FALSE)),0)) -> 32.75 | V74: =U74*F74 -> 24.5625 | W74: =IF(AND(YEAR(C74)<=2025,X74="Alt"),0,G74*0.35) -> 0 | X74: =VLOOKUP(B74,[1]Kundenübersicht!E:AG,MATCH($X$3,[1]Kundenübersicht!$E$3:$AY$3,0),FALSE) -> Alt | Z74: Ja | AA74: 45950 | AC74: 45967 | AE74: =YEAR(C74) -> 2025 | AF74: =IF(MONTH(C74)<=9,"0"&MONTH(C74)&"."&YEAR(C74),MONTH(C74)&"."&YEAR(C74)) -> 08.2025 | AG74: =IF(H74="","",H74) -> Doreen Luzyna | AH74: =IFERROR(VLOOKUP(B74,[1]Kundenübersicht!$E$4:$F$85,2,FALSE),"") -> Bernd Fischer | AI74: =IF(I74="","",I74) -> Hauswirtschaft | AJ74: =IF(J74="","",J74) -> Entlastungsleistung | AL74: =IF(I74="Hauswirtschaft",38,42) -> 38 | AM74: =AL74*F74 -> 28.5 | AN74: =G74*0.35 -> 0
B75: 00021|Anita|Fischer | C75: 45882 | D75: 0.46875 | E75: 0.5 | F75: =(E75-D75)*24 -> 0.75 | H75: Doreen Luzyna | I75: Hauswirtschaft | J75: Entlastungsleistung | K75: =VLOOKUP($B75,[1]Kundenübersicht!$E$4:$AC$1003,MATCH(K$3,[1]Kundenübersicht!$E$3:$BA$3,FALSE),FALSE) -> IKK Classic | L75: =VLOOKUP(B75,[1]Kundenübersicht!$E$4:$AC$1003,MATCH(L$3,[1]Kundenübersicht!$E$3:$BA$3,FALSE),FALSE) -> 187202793 | M75: =VLOOKUP(B75,[1]Kundenübersicht!$E$4:$AC$1003,MATCH(M$3,[1]Kundenübersicht!$E$3:$BA$3,FALSE),FALSE) -> E747849508 | N75: =VLOOKUP(B75,[1]Kundenübersicht!$E$4:$AC$1003,MATCH(N$3,[1]Kundenübersicht!$E$3:$BA$3,FALSE),FALSE) -> PG 3 | P75: Ja | R75: Unterschrieben | S75: Link | U75: =IF(YEAR(C75)<=2025,IFERROR(IF(I75="Hauswirtschaft",VLOOKUP($B75,[1]Kundenübersicht!$E$4:$BA$1003,MATCH("Hauswirtschaft [€/Stunde]",[1]Kundenübersicht!$E$3:$BA$3,FALSE),FALSE),VLOOKUP($B75,[1]Kundenübersicht!$E$4:$BA$1003,MATCH("Alltagsbegleitung [€/Stunde]",[1]Kundenübersicht!$E$3:$BA$3,FALSE),FALSE)),0),IFERROR(IF(I75="Hauswirtschaft",VLOOKUP($B75,[1]Kundenübersicht!$E$4:$BA$1003,MATCH("HW ab 2026 [€/Stunde]",[1]Kundenübersicht!$E$3:$BA$3,FALSE),FALSE),VLOOKUP($B75,[1]Kundenübersicht!$E$4:$BA$1003,MATCH("Alltagsbegleitung [€/Stunde]",[1]Kundenübersicht!$E$3:$BA$3,FALSE),FALSE)),0)) -> 32.75 | V75: =U75*F75 -> 24.5625 | W75: =IF(AND(YEAR(C75)<=2025,X75="Alt"),0,G75*0.35) -> 0 | X75: =VLOOKUP(B75,[1]Kundenübersicht!E:AG,MATCH($X$3,[1]Kundenübersicht!$E$3:$AY$3,0),FALSE) -> Alt | Z75: Ja | AA75: 45950 | AC75: 45967 | AE75: =YEAR(C75) -> 2025 | AF75: =IF(MONTH(C75)<=9,"0"&MONTH(C75)&"."&YEAR(C75),MONTH(C75)&"."&YEAR(C75)) -> 08.2025 | AG75: =IF(H75="","",H75) -> Doreen Luzyna | AH75: =IFERROR(VLOOKUP(B75,[1]Kundenübersicht!$E$4:$F$85,2,FALSE),"") -> Anita Fischer | AI75: =IF(I75="","",I75) -> Hauswirtschaft | AJ75: =IF(J75="","",J75) -> Entlastungsleistung | AL75: =IF(I75="Hauswirtschaft",38,42) -> 38 | AM75: =AL75*F75 -> 28.5 | AN75: =G75*0.35 -> 0
B76: 00008|Christian|Jungnickel | C76: 45883 | D76: 0.55208333 | E76: 0.63541667 | F76: =(E76-D76)*24 -> 2 | H76: Christiane Fiebag | I76: Hauswirtschaft | J76: Entlastungsleistung | K76: =VLOOKUP($B76,[1]Kundenübersicht!$E$4:$AC$1003,MATCH(K$3,[1]Kundenübersicht!$E$3:$BA$3,FALSE),FALSE) -> AOK PLUS | L76: =VLOOKUP(B76,[1]Kundenübersicht!$E$4:$AC$1003,MATCH(L$3,[1]Kundenübersicht!$E$3:$BA$3,FALSE),FALSE) -> 107299005 | M76: =VLOOKUP(B76,[1]Kundenübersicht!$E$4:$AC$1003,MATCH(M$3,[1]Kundenübersicht!$E$3:$BA$3,FALSE),FALSE) -> R782602114 | N76: =VLOOKUP(B76,[1]Kundenübersicht!$E$4:$AC$1003,MATCH(N$3,[1]Kundenübersicht!$E$3:$BA$3,FALSE),FALSE) -> PG 1 | P76: Ja | R76: Unterschrieben | S76: Link | U76: =IF(YEAR(C76)<=2025,IFERROR(IF(I76="Hauswirtschaft",VLOOKUP($B76,[1]Kundenübersicht!$E$4:$BA$1003,MATCH("Hauswirtschaft [€/Stunde]",[1]Kundenübersicht!$E$3:$BA$3,FALSE),FALSE),VLOOKUP($B76,[1]Kundenübersicht!$E$4:$BA$1003,MATCH("Alltagsbegleitung [€/Stunde]",[1]Kundenübersicht!$E$3:$BA$3,FALSE),FALSE)),0),IFERROR(IF(I76="Hauswirtschaft",VLOOKUP($B76,[1]Kundenübersicht!$E$4:$BA$1003,MATCH("HW ab 2026 [€/Stunde]",[1]Kundenübersicht!$E$3:$BA$3,FALSE),FALSE),VLOOKUP($B76,[1]Kundenübersicht!$E$4:$BA$1003,MATCH("Alltagsbegleitung [€/Stunde]",[1]Kundenübersicht!$E$3:$BA$3,FALSE),FALSE)),0)) -> 32.75 | V76: =U76*F76 -> 65.5 | W76: =IF(AND(YEAR(C76)<=2025,X76="Alt"),0,G76*0.35) -> 0 | X76: =VLOOKUP(B76,[1]Kundenübersicht!E:AG,MATCH($X$3,[1]Kundenübersicht!$E$3:$AY$3,0),FALSE) -> Alt | Z76: Ja | AA76: 45922 | AC76: 46035 | AE76: =YEAR(C76) -> 2025 | AF76: =IF(MONTH(C76)<=9,"0"&MONTH(C76)&"."&YEAR(C76),MONTH(C76)&"."&YEAR(C76)) -> 08.2025 | AG76: =IF(H76="","",H76) -> Christiane Fiebag | AH76: =IFERROR(VLOOKUP(B76,[1]Kundenübersicht!$E$4:$F$85,2,FALSE),"") -> Christian Jungnickel | AI76: =IF(I76="","",I76) -> Hauswirtschaft | AJ76: =IF(J76="","",J76) -> Entlastungsleistung | AL76: =IF(I76="Hauswirtschaft",38,42) -> 38 | AM76: =AL76*F76 -> 76 | AN76: =G76*0.35 -> 0
B77: 00013|Rita|Neubert | C77: 45883 | D77: 0.60416667 | E77: 0.64583333 | F77: =(E77-D77)*24 -> 1 | H77: Manuela Richter | I77: Hauswirtschaft | J77: Entlastungsleistung | K77: =VLOOKUP($B77,[1]Kundenübersicht!$E$4:$AC$1003,MATCH(K$3,[1]Kundenübersicht!$E$3:$BA$3,FALSE),FALSE) -> AOK PLUS | L77: =VLOOKUP(B77,[1]Kundenübersicht!$E$4:$AC$1003,MATCH(L$3,[1]Kundenübersicht!$E$3:$BA$3,FALSE),FALSE) -> 107299005 | M77: =VLOOKUP(B77,[1]Kundenübersicht!$E$4:$AC$1003,MATCH(M$3,[1]Kundenübersicht!$E$3:$BA$3,FALSE),FALSE) -> T309560658 | N77: =VLOOKUP(B77,[1]Kundenübersicht!$E$4:$AC$1003,MATCH(N$3,[1]Kundenübersicht!$E$3:$BA$3,FALSE),FALSE) -> PG 2 | P77: Ja | R77: Unterschrieben | S77: Link | U77: =IF(YEAR(C77)<=2025,IFERROR(IF(I77="Hauswirtschaft",VLOOKUP($B77,[1]Kundenübersicht!$E$4:$BA$1003,MATCH("Hauswirtschaft [€/Stunde]",[1]Kundenübersicht!$E$3:$BA$3,FALSE),FALSE),VLOOKUP($B77,[1]Kundenübersicht!$E$4:$BA$1003,MATCH("Alltagsbegleitung [€/Stunde]",[1]Kundenübersicht!$E$3:$BA$3,FALSE),FALSE)),0),IFERROR(IF(I77="Hauswirtschaft",VLOOKUP($B77,[1]Kundenübersicht!$E$4:$BA$1003,MATCH("HW ab 2026 [€/Stunde]",[1]Kundenübersicht!$E$3:$BA$3,FALSE),FALSE),VLOOKUP($B77,[1]Kundenübersicht!$E$4:$BA$1003,MATCH("Alltagsbegleitung [€/Stunde]",[1]Kundenübersicht!$E$3:$BA$3,FALSE),FALSE)),0)) -> 32.75 | V77: =U77*F77 -> 32.75 | W77: =IF(AND(YEAR(C77)<=2025,X77="Alt"),0,G77*0.35) -> 0 | X77: =VLOOKUP(B77,[1]Kundenübersicht!E:AG,MATCH($X$3,[1]Kundenübersicht!$E$3:$AY$3,0),FALSE) -> Alt | Z77: Ja | AA77: 45922 | AC77: 46045 | AE77: =YEAR(C77) -> 2025 | AF77: =IF(MONTH(C77)<=9,"0"&MONTH(C77)&"."&YEAR(C77),MONTH(C77)&"."&YEAR(C77)) -> 08.2025 | AG77: =IF(H77="","",H77) -> Manuela Richter | AH77: =IFERROR(VLOOKUP(B77,[1]Kundenübersicht!$E$4:$F$85,2,FALSE),"") -> Rita Neubert | AI77: =IF(I77="","",I77) -> Hauswirtschaft | AJ77: =IF(J77="","",J77) -> Entlastungsleistung | AL77: =IF(I77="Hauswirtschaft",38,42) -> 38 | AM77: =AL77*F77 -> 38 | AN77: =G77*0.35 -> 0
B78: 00015|Hella|Reißig | C78: 45883 | D78: 0.64583333 | E78: 0.70833333 | F78: =(E78-D78)*24 -> 1.5 | H78: Manuela Richter | I78: Hauswirtschaft | J78: Entlastungsleistung | K78: KNAPPSCHAFT | L78: 109990508 | M78: F862750970 | N78: =VLOOKUP(B78,[1]Kundenübersicht!$E$4:$AC$1003,MATCH(N$3,[1]Kundenübersicht!$E$3:$BA$3,FALSE),FALSE) -> PG 1 | P78: Ja | R78: Unterschrieben | S78: Link | U78: =IF(YEAR(C78)<=2025,IFERROR(IF(I78="Hauswirtschaft",VLOOKUP($B78,[1]Kundenübersicht!$E$4:$BA$1003,MATCH("Hauswirtschaft [€/Stunde]",[1]Kundenübersicht!$E$3:$BA$3,FALSE),FALSE),VLOOKUP($B78,[1]Kundenübersicht!$E$4:$BA$1003,MATCH("Alltagsbegleitung [€/Stunde]",[1]Kundenübersicht!$E$3:$BA$3,FALSE),FALSE)),0),IFERROR(IF(I78="Hauswirtschaft",VLOOKUP($B78,[1]Kundenübersicht!$E$4:$BA$1003,MATCH("HW ab 2026 [€/Stunde]",[1]Kundenübersicht!$E$3:$BA$3,FALSE),FALSE),VLOOKUP($B78,[1]Kundenübersicht!$E$4:$BA$1003,MATCH("Alltagsbegleitung [€/Stunde]",[1]Kundenübersicht!$E$3:$BA$3,FALSE),FALSE)),0)) -> 32.75 | V78: =U78*F78 -> 49.125 | W78: =IF(AND(YEAR(C78)<=2025,X78="Alt"),0,G78*0.35) -> 0 | X78: =VLOOKUP(B78,[1]Kundenübersicht!E:AG,MATCH($X$3,[1]Kundenübersicht!$E$3:$AY$3,0),FALSE) -> Alt | Z78: Ja | AE78: =YEAR(C78) -> 2025 | AF78: =IF(MONTH(C78)<=9,"0"&MONTH(C78)&"."&YEAR(C78),MONTH(C78)&"."&YEAR(C78)) -> 08.2025 | AG78: =IF(H78="","",H78) -> Manuela Richter | AH78: =IFERROR(VLOOKUP(B78,[1]Kundenübersicht!$E$4:$F$85,2,FALSE),"") -> Hella Reißig | AI78: =IF(I78="","",I78) -> Hauswirtschaft | AJ78: =IF(J78="","",J78) -> Entlastungsleistung | AL78: =IF(I78="Hauswirtschaft",38,42) -> 38 | AM78: =AL78*F78 -> 57 | AN78: =G78*0.35 -> 0
B79: 00011|Martin|Schmidt | C79: 45884 | D79: 0.41666667 | E79: 0.48958333 | F79: =(E79-D79)*24 -> 1.75 | H79: Christiane Fiebag | I79: Hauswirtschaft | J79: Entlastungsleistung | K79: =VLOOKUP($B79,[1]Kundenübersicht!$E$4:$AC$1003,MATCH(K$3,[1]Kundenübersicht!$E$3:$BA$3,FALSE),FALSE) -> Techniker Krankenkasse | L79: =VLOOKUP(B79,[1]Kundenübersicht!$E$4:$AC$1003,MATCH(L$3,[1]Kundenübersicht!$E$3:$BA$3,FALSE),FALSE) -> 101575519 | M79: =VLOOKUP(B79,[1]Kundenübersicht!$E$4:$AC$1003,MATCH(M$3,[1]Kundenübersicht!$E$3:$BA$3,FALSE),FALSE) -> E759973784 | N79: =VLOOKUP(B79,[1]Kundenübersicht!$E$4:$AC$1003,MATCH(N$3,[1]Kundenübersicht!$E$3:$BA$3,FALSE),FALSE) -> PG 2 | P79: Ja | R79: Unterschrieben | S79: Link | U79: =IF(YEAR(C79)<=2025,IFERROR(IF(I79="Hauswirtschaft",VLOOKUP($B79,[1]Kundenübersicht!$E$4:$BA$1003,MATCH("Hauswirtschaft [€/Stunde]",[1]Kundenübersicht!$E$3:$BA$3,FALSE),FALSE),VLOOKUP($B79,[1]Kundenübersicht!$E$4:$BA$1003,MATCH("Alltagsbegleitung [€/Stunde]",[1]Kundenübersicht!$E$3:$BA$3,FALSE),FALSE)),0),IFERROR(IF(I79="Hauswirtschaft",VLOOKUP($B79,[1]Kundenübersicht!$E$4:$BA$1003,MATCH("HW ab 2026 [€/Stunde]",[1]Kundenübersicht!$E$3:$BA$3,FALSE),FALSE),VLOOKUP($B79,[1]Kundenübersicht!$E$4:$BA$1003,MATCH("Alltagsbegleitung [€/Stunde]",[1]Kundenübersicht!$E$3:$BA$3,FALSE),FALSE)),0)) -> 32.75 | V79: =U79*F79 -> 57.3125 | W79: =IF(AND(YEAR(C79)<=2025,X79="Alt"),0,G79*0.35) -> 0 | X79: =VLOOKUP(B79,[1]Kundenübersicht!E:AG,MATCH($X$3,[1]Kundenübersicht!$E$3:$AY$3,0),FALSE) -> Alt | Z79: Ja | AA79: 45950 | AC79: 45986 | AE79: =YEAR(C79) -> 2025 | AF79: =IF(MONTH(C79)<=9,"0"&MONTH(C79)&"."&YEAR(C79),MONTH(C79)&"."&YEAR(C79)) -> 08.2025 | AG79: =IF(H79="","",H79) -> Christiane Fiebag | AH79: =IFERROR(VLOOKUP(B79,[1]Kundenübersicht!$E$4:$F$85,2,FALSE),"") -> Martin Schmidt | AI79: =IF(I79="","",I79) -> Hauswirtschaft | AJ79: =IF(J79="","",J79) -> Entlastungsleistung | AL79: =IF(I79="Hauswirtschaft",38,42) -> 38 | AM79: =AL79*F79 -> 66.5 | AN79: =G79*0.35 -> 0
B80: 00006|Dieter|Berghold | C80: 45880 | D80: 0.45833333 | E80: 0.5 | F80: =(E80-D80)*24 -> 1 | H80: Christiane Fiebag | I80: Hauswirtschaft | J80: Entlastungsleistung | K80: =VLOOKUP($B80,[1]Kundenübersicht!$E$4:$AC$1003,MATCH(K$3,[1]Kundenübersicht!$E$3:$BA$3,FALSE),FALSE) -> AOK PLUS | L80: =VLOOKUP(B80,[1]Kundenübersicht!$E$4:$AC$1003,MATCH(L$3,[1]Kundenübersicht!$E$3:$BA$3,FALSE),FALSE) -> 107299005 | M80: =VLOOKUP(B80,[1]Kundenübersicht!$E$4:$AC$1003,MATCH(M$3,[1]Kundenübersicht!$E$3:$BA$3,FALSE),FALSE) -> R234942678 | N80: =VLOOKUP(B80,[1]Kundenübersicht!$E$4:$AC$1003,MATCH(N$3,[1]Kundenübersicht!$E$3:$BA$3,FALSE),FALSE) -> PG 2 | P80: Ja | R80: Unterschrieben | S80: Link | U80: =IF(YEAR(C80)<=2025,IFERROR(IF(I80="Hauswirtschaft",VLOOKUP($B80,[1]Kundenübersicht!$E$4:$BA$1003,MATCH("Hauswirtschaft [€/Stunde]",[1]Kundenübersicht!$E$3:$BA$3,FALSE),FALSE),VLOOKUP($B80,[1]Kundenübersicht!$E$4:$BA$1003,MATCH("Alltagsbegleitung [€/Stunde]",[1]Kundenübersicht!$E$3:$BA$3,FALSE),FALSE)),0),IFERROR(IF(I80="Hauswirtschaft",VLOOKUP($B80,[1]Kundenübersicht!$E$4:$BA$1003,MATCH("HW ab 2026 [€/Stunde]",[1]Kundenübersicht!$E$3:$BA$3,FALSE),FALSE),VLOOKUP($B80,[1]Kundenübersicht!$E$4:$BA$1003,MATCH("Alltagsbegleitung [€/Stunde]",[1]Kundenübersicht!$E$3:$BA$3,FALSE),FALSE)),0)) -> 32.75 | V80: =U80*F80 -> 32.75 | W80: =IF(AND(YEAR(C80)<=2025,X80="Alt"),0,G80*0.35) -> 0 | X80: =VLOOKUP(B80,[1]Kundenübersicht!E:AG,MATCH($X$3,[1]Kundenübersicht!$E$3:$AY$3,0),FALSE) -> Alt | Z80: Ja | AA80: 45922 | AC80: 46035 | AE80: =YEAR(C80) -> 2025 | AF80: =IF(MONTH(C80)<=9,"0"&MONTH(C80)&"."&YEAR(C80),MONTH(C80)&"."&YEAR(C80)) -> 08.2025 | AG80: =IF(H80="","",H80) -> Christiane Fiebag | AH80: =IFERROR(VLOOKUP(B80,[1]Kundenübersicht!$E$4:$F$85,2,FALSE),"") -> Dieter Berghold | AI80: =IF(I80="","",I80) -> Hauswirtschaft | AJ80: =IF(J80="","",J80) -> Entlastungsleistung | AL80: =IF(I80="Hauswirtschaft",38,42) -> 38 | AM80: =AL80*F80 -> 38 | AN80: =G80*0.35 -> 0
B81: 00006|Dieter|Berghold | C81: 45887 | D81: 0.45833333 | E81: 0.5 | F81: =(E81-D81)*24 -> 1 | H81: Christiane Fiebag | I81: Hauswirtschaft | J81: Entlastungsleistung | K81: =VLOOKUP($B81,[1]Kundenübersicht!$E$4:$AC$1003,MATCH(K$3,[1]Kundenübersicht!$E$3:$BA$3,FALSE),FALSE) -> AOK PLUS | L81: =VLOOKUP(B81,[1]Kundenübersicht!$E$4:$AC$1003,MATCH(L$3,[1]Kundenübersicht!$E$3:$BA$3,FALSE),FALSE) -> 107299005 | M81: =VLOOKUP(B81,[1]Kundenübersicht!$E$4:$AC$1003,MATCH(M$3,[1]Kundenübersicht!$E$3:$BA$3,FALSE),FALSE) -> R234942678 | N81: =VLOOKUP(B81,[1]Kundenübersicht!$E$4:$AC$1003,MATCH(N$3,[1]Kundenübersicht!$E$3:$BA$3,FALSE),FALSE) -> PG 2 | P81: Ja | R81: Unterschrieben | S81: Link | U81: =IF(YEAR(C81)<=2025,IFERROR(IF(I81="Hauswirtschaft",VLOOKUP($B81,[1]Kundenübersicht!$E$4:$BA$1003,MATCH("Hauswirtschaft [€/Stunde]",[1]Kundenübersicht!$E$3:$BA$3,FALSE),FALSE),VLOOKUP($B81,[1]Kundenübersicht!$E$4:$BA$1003,MATCH("Alltagsbegleitung [€/Stunde]",[1]Kundenübersicht!$E$3:$BA$3,FALSE),FALSE)),0),IFERROR(IF(I81="Hauswirtschaft",VLOOKUP($B81,[1]Kundenübersicht!$E$4:$BA$1003,MATCH("HW ab 2026 [€/Stunde]",[1]Kundenübersicht!$E$3:$BA$3,FALSE),FALSE),VLOOKUP($B81,[1]Kundenübersicht!$E$4:$BA$1003,MATCH("Alltagsbegleitung [€/Stunde]",[1]Kundenübersicht!$E$3:$BA$3,FALSE),FALSE)),0)) -> 32.75 | V81: =U81*F81 -> 32.75 | W81: =IF(AND(YEAR(C81)<=2025,X81="Alt"),0,G81*0.35) -> 0 | X81: =VLOOKUP(B81,[1]Kundenübersicht!E:AG,MATCH($X$3,[1]Kundenübersicht!$E$3:$AY$3,0),FALSE) -> Alt | Z81: Ja | AA81: 45922 | AC81: 46035 | AE81: =YEAR(C81) -> 2025 | AF81: =IF(MONTH(C81)<=9,"0"&MONTH(C81)&"."&YEAR(C81),MONTH(C81)&"."&YEAR(C81)) -> 08.2025 | AG81: =IF(H81="","",H81) -> Christiane Fiebag | AH81: =IFERROR(VLOOKUP(B81,[1]Kundenübersicht!$E$4:$F$85,2,FALSE),"") -> Dieter Berghold | AI81: =IF(I81="","",I81) -> Hauswirtschaft | AJ81: =IF(J81="","",J81) -> Entlastungsleistung | AL81: =IF(I81="Hauswirtschaft",38,42) -> 38 | AM81: =AL81*F81 -> 38 | AN81: =G81*0.35 -> 0
B82: 00021|Anita|Fischer | C82: 45887 | D82: 0.47916667 | E82: 0.51041667 | F82: =(E82-D82)*24 -> 0.75 | H82: Doreen Luzyna | I82: Hauswirtschaft | J82: Entlastungsleistung | K82: =VLOOKUP($B82,[1]Kundenübersicht!$E$4:$AC$1003,MATCH(K$3,[1]Kundenübersicht!$E$3:$BA$3,FALSE),FALSE) -> IKK Classic | L82: =VLOOKUP(B82,[1]Kundenübersicht!$E$4:$AC$1003,MATCH(L$3,[1]Kundenübersicht!$E$3:$BA$3,FALSE),FALSE) -> 187202793 | M82: =VLOOKUP(B82,[1]Kundenübersicht!$E$4:$AC$1003,MATCH(M$3,[1]Kundenübersicht!$E$3:$BA$3,FALSE),FALSE) -> E747849508 | N82: =VLOOKUP(B82,[1]Kundenübersicht!$E$4:$AC$1003,MATCH(N$3,[1]Kundenübersicht!$E$3:$BA$3,FALSE),FALSE) -> PG 3 | P82: Ja | R82: Unterschrieben | S82: Link | U82: =IF(YEAR(C82)<=2025,IFERROR(IF(I82="Hauswirtschaft",VLOOKUP($B82,[1]Kundenübersicht!$E$4:$BA$1003,MATCH("Hauswirtschaft [€/Stunde]",[1]Kundenübersicht!$E$3:$BA$3,FALSE),FALSE),VLOOKUP($B82,[1]Kundenübersicht!$E$4:$BA$1003,MATCH("Alltagsbegleitung [€/Stunde]",[1]Kundenübersicht!$E$3:$BA$3,FALSE),FALSE)),0),IFERROR(IF(I82="Hauswirtschaft",VLOOKUP($B82,[1]Kundenübersicht!$E$4:$BA$1003,MATCH("HW ab 2026 [€/Stunde]",[1]Kundenübersicht!$E$3:$BA$3,FALSE),FALSE),VLOOKUP($B82,[1]Kundenübersicht!$E$4:$BA$1003,MATCH("Alltagsbegleitung [€/Stunde]",[1]Kundenübersicht!$E$3:$BA$3,FALSE),FALSE)),0)) -> 32.75 | V82: =U82*F82 -> 24.5625 | W82: =IF(AND(YEAR(C82)<=2025,X82="Alt"),0,G82*0.35) -> 0 | X82: =VLOOKUP(B82,[1]Kundenübersicht!E:AG,MATCH($X$3,[1]Kundenübersicht!$E$3:$AY$3,0),FALSE) -> Alt | Z82: Ja | AA82: 45950 | AC82: 45967 | AE82: =YEAR(C82) -> 2025 | AF82: =IF(MONTH(C82)<=9,"0"&MONTH(C82)&"."&YEAR(C82),MONTH(C82)&"."&YEAR(C82)) -> 08.2025 | AG82: =IF(H82="","",H82) -> Doreen Luzyna | AH82: =IFERROR(VLOOKUP(B82,[1]Kundenübersicht!$E$4:$F$85,2,FALSE),"") -> Anita Fischer | AI82: =IF(I82="","",I82) -> Hauswirtschaft | AJ82: =IF(J82="","",J82) -> Entlastungsleistung | AL82: =IF(I82="Hauswirtschaft",38,42) -> 38 | AM82: =AL82*F82 -> 28.5 | AN82: =G82*0.35 -> 0
B83: 00019|Egon|Bochmann | C83: 45887 | D83: 0.375 | E83: 0.45833333 | F83: =(E83-D83)*24 -> 2 | H83: Doreen Luzyna | I83: Hauswirtschaft | J83: Entlastungsleistung | K83: =VLOOKUP($B83,[1]Kundenübersicht!$E$4:$AC$1003,MATCH(K$3,[1]Kundenübersicht!$E$3:$BA$3,FALSE),FALSE) -> AOK PLUS | L83: =VLOOKUP(B83,[1]Kundenübersicht!$E$4:$AC$1003,MATCH(L$3,[1]Kundenübersicht!$E$3:$BA$3,FALSE),FALSE) -> 107299005 | M83: =VLOOKUP(B83,[1]Kundenübersicht!$E$4:$AC$1003,MATCH(M$3,[1]Kundenübersicht!$E$3:$BA$3,FALSE),FALSE) -> N303904545 | N83: =VLOOKUP(B83,[1]Kundenübersicht!$E$4:$AC$1003,MATCH(N$3,[1]Kundenübersicht!$E$3:$BA$3,FALSE),FALSE) -> PG 1 | P83: Ja | R83: Unterschrieben | S83: Link | U83: =IF(YEAR(C83)<=2025,IFERROR(IF(I83="Hauswirtschaft",VLOOKUP($B83,[1]Kundenübersicht!$E$4:$BA$1003,MATCH("Hauswirtschaft [€/Stunde]",[1]Kundenübersicht!$E$3:$BA$3,FALSE),FALSE),VLOOKUP($B83,[1]Kundenübersicht!$E$4:$BA$1003,MATCH("Alltagsbegleitung [€/Stunde]",[1]Kundenübersicht!$E$3:$BA$3,FALSE),FALSE)),0),IFERROR(IF(I83="Hauswirtschaft",VLOOKUP($B83,[1]Kundenübersicht!$E$4:$BA$1003,MATCH("HW ab 2026 [€/Stunde]",[1]Kundenübersicht!$E$3:$BA$3,FALSE),FALSE),VLOOKUP($B83,[1]Kundenübersicht!$E$4:$BA$1003,MATCH("Alltagsbegleitung [€/Stunde]",[1]Kundenübersicht!$E$3:$BA$3,FALSE),FALSE)),0)) -> 32.75 | V83: =U83*F83 -> 65.5 | W83: =IF(AND(YEAR(C83)<=2025,X83="Alt"),0,G83*0.35) -> 0 | X83: =VLOOKUP(B83,[1]Kundenübersicht!E:AG,MATCH($X$3,[1]Kundenübersicht!$E$3:$AY$3,0),FALSE) -> Alt | Z83: Ja | AA83: 45922 | AC83: 46035 | AE83: =YEAR(C83) -> 2025 | AF83: =IF(MONTH(C83)<=9,"0"&MONTH(C83)&"."&YEAR(C83),MONTH(C83)&"."&YEAR(C83)) -> 08.2025 | AG83: =IF(H83="","",H83) -> Doreen Luzyna | AH83: =IFERROR(VLOOKUP(B83,[1]Kundenübersicht!$E$4:$F$85,2,FALSE),"") -> Egon Bochmann | AI83: =IF(I83="","",I83) -> Hauswirtschaft | AJ83: =IF(J83="","",J83) -> Entlastungsleistung | AL83: =IF(I83="Hauswirtschaft",38,42) -> 38 | AM83: =AL83*F83 -> 76 | AN83: =G83*0.35 -> 0
B84: 00020|Bernd|Fischer | C84: 45887 | D84: 0.51041667 | E84: 0.54166667 | F84: =(E84-D84)*24 -> 0.75 | H84: Doreen Luzyna | I84: Hauswirtschaft | J84: Entlastungsleistung | K84: =VLOOKUP($B84,[1]Kundenübersicht!$E$4:$AC$1003,MATCH(K$3,[1]Kundenübersicht!$E$3:$BA$3,FALSE),FALSE) -> IKK Classic | L84: =VLOOKUP(B84,[1]Kundenübersicht!$E$4:$AC$1003,MATCH(L$3,[1]Kundenübersicht!$E$3:$BA$3,FALSE),FALSE) -> 187202793 | M84: =VLOOKUP(B84,[1]Kundenübersicht!$E$4:$AC$1003,MATCH(M$3,[1]Kundenübersicht!$E$3:$BA$3,FALSE),FALSE) -> G520510754 | N84: =VLOOKUP(B84,[1]Kundenübersicht!$E$4:$AC$1003,MATCH(N$3,[1]Kundenübersicht!$E$3:$BA$3,FALSE),FALSE) -> PG 2 | P84: Ja | R84: Unterschrieben | S84: Link | U84: =IF(YEAR(C84)<=2025,IFERROR(IF(I84="Hauswirtschaft",VLOOKUP($B84,[1]Kundenübersicht!$E$4:$BA$1003,MATCH("Hauswirtschaft [€/Stunde]",[1]Kundenübersicht!$E$3:$BA$3,FALSE),FALSE),VLOOKUP($B84,[1]Kundenübersicht!$E$4:$BA$1003,MATCH("Alltagsbegleitung [€/Stunde]",[1]Kundenübersicht!$E$3:$BA$3,FALSE),FALSE)),0),IFERROR(IF(I84="Hauswirtschaft",VLOOKUP($B84,[1]Kundenübersicht!$E$4:$BA$1003,MATCH("HW ab 2026 [€/Stunde]",[1]Kundenübersicht!$E$3:$BA$3,FALSE),FALSE),VLOOKUP($B84,[1]Kundenübersicht!$E$4:$BA$1003,MATCH("Alltagsbegleitung [€/Stunde]",[1]Kundenübersicht!$E$3:$BA$3,FALSE),FALSE)),0)) -> 32.75 | V84: =U84*F84 -> 24.5625 | W84: =IF(AND(YEAR(C84)<=2025,X84="Alt"),0,G84*0.35) -> 0 | X84: =VLOOKUP(B84,[1]Kundenübersicht!E:AG,MATCH($X$3,[1]Kundenübersicht!$E$3:$AY$3,0),FALSE) -> Alt | Z84: Ja | AA84: 45950 | AC84: 45967 | AE84: =YEAR(C84) -> 2025 | AF84: =IF(MONTH(C84)<=9,"0"&MONTH(C84)&"."&YEAR(C84),MONTH(C84)&"."&YEAR(C84)) -> 08.2025 | AG84: =IF(H84="","",H84) -> Doreen Luzyna | AH84: =IFERROR(VLOOKUP(B84,[1]Kundenübersicht!$E$4:$F$85,2,FALSE),"") -> Bernd Fischer | AI84: =IF(I84="","",I84) -> Hauswirtschaft | AJ84: =IF(J84="","",J84) -> Entlastungsleistung | AL84: =IF(I84="Hauswirtschaft",38,42) -> 38 | AM84: =AL84*F84 -> 28.5 | AN84: =G84*0.35 -> 0
B85: 00005|Lothar|Haufe | C85: 45888 | D85: 0.35416667 | E85: 0.4375 | F85: =(E85-D85)*24 -> 2 | H85: Doreen Luzyna | I85: Hauswirtschaft | J85: Entlastungsleistung | K85: =VLOOKUP($B85,[1]Kundenübersicht!$E$4:$AC$1003,MATCH(K$3,[1]Kundenübersicht!$E$3:$BA$3,FALSE),FALSE) -> IKK Classic | L85: =VLOOKUP(B85,[1]Kundenübersicht!$E$4:$AC$1003,MATCH(L$3,[1]Kundenübersicht!$E$3:$BA$3,FALSE),FALSE) -> 187202793 | M85: =VLOOKUP(B85,[1]Kundenübersicht!$E$4:$AC$1003,MATCH(M$3,[1]Kundenübersicht!$E$3:$BA$3,FALSE),FALSE) -> E434900220 | N85: =VLOOKUP(B85,[1]Kundenübersicht!$E$4:$AC$1003,MATCH(N$3,[1]Kundenübersicht!$E$3:$BA$3,FALSE),FALSE) -> PG 1 | P85: Ja | R85: Unterschrieben | S85: Link | U85: =IF(YEAR(C85)<=2025,IFERROR(IF(I85="Hauswirtschaft",VLOOKUP($B85,[1]Kundenübersicht!$E$4:$BA$1003,MATCH("Hauswirtschaft [€/Stunde]",[1]Kundenübersicht!$E$3:$BA$3,FALSE),FALSE),VLOOKUP($B85,[1]Kundenübersicht!$E$4:$BA$1003,MATCH("Alltagsbegleitung [€/Stunde]",[1]Kundenübersicht!$E$3:$BA$3,FALSE),FALSE)),0),IFERROR(IF(I85="Hauswirtschaft",VLOOKUP($B85,[1]Kundenübersicht!$E$4:$BA$1003,MATCH("HW ab 2026 [€/Stunde]",[1]Kundenübersicht!$E$3:$BA$3,FALSE),FALSE),VLOOKUP($B85,[1]Kundenübersicht!$E$4:$BA$1003,MATCH("Alltagsbegleitung [€/Stunde]",[1]Kundenübersicht!$E$3:$BA$3,FALSE),FALSE)),0)) -> 32.75 | V85: =U85*F85 -> 65.5 | W85: =IF(AND(YEAR(C85)<=2025,X85="Alt"),0,G85*0.35) -> 0 | X85: =VLOOKUP(B85,[1]Kundenübersicht!E:AG,MATCH($X$3,[1]Kundenübersicht!$E$3:$AY$3,0),FALSE) -> Alt | Z85: Ja | AA85: 45950 | AC85: 45967 | AE85: =YEAR(C85) -> 2025 | AF85: =IF(MONTH(C85)<=9,"0"&MONTH(C85)&"."&YEAR(C85),MONTH(C85)&"."&YEAR(C85)) -> 08.2025 | AG85: =IF(H85="","",H85) -> Doreen Luzyna | AH85: =IFERROR(VLOOKUP(B85,[1]Kundenübersicht!$E$4:$F$85,2,FALSE),"") -> Lothar Haufe | AI85: =IF(I85="","",I85) -> Hauswirtschaft | AJ85: =IF(J85="","",J85) -> Entlastungsleistung | AL85: =IF(I85="Hauswirtschaft",38,42) -> 38 | AM85: =AL85*F85 -> 76 | AN85: =G85*0.35 -> 0
B86: 00004|Ingrid|Haufe | C86: 45888 | D86: 0.4375 | E86: 0.52083333 | F86: =(E86-D86)*24 -> 2 | H86: Doreen Luzyna | I86: Hauswirtschaft | J86: Entlastungsleistung | K86: =VLOOKUP($B86,[1]Kundenübersicht!$E$4:$AC$1003,MATCH(K$3,[1]Kundenübersicht!$E$3:$BA$3,FALSE),FALSE) -> IKK Classic | L86: =VLOOKUP(B86,[1]Kundenübersicht!$E$4:$AC$1003,MATCH(L$3,[1]Kundenübersicht!$E$3:$BA$3,FALSE),FALSE) -> 187202793 | M86: =VLOOKUP(B86,[1]Kundenübersicht!$E$4:$AC$1003,MATCH(M$3,[1]Kundenübersicht!$E$3:$BA$3,FALSE),FALSE) -> X365499146 | N86: =VLOOKUP(B86,[1]Kundenübersicht!$E$4:$AC$1003,MATCH(N$3,[1]Kundenübersicht!$E$3:$BA$3,FALSE),FALSE) -> PG 1 | P86: Ja | R86: Unterschrieben | S86: Link | U86: =IF(YEAR(C86)<=2025,IFERROR(IF(I86="Hauswirtschaft",VLOOKUP($B86,[1]Kundenübersicht!$E$4:$BA$1003,MATCH("Hauswirtschaft [€/Stunde]",[1]Kundenübersicht!$E$3:$BA$3,FALSE),FALSE),VLOOKUP($B86,[1]Kundenübersicht!$E$4:$BA$1003,MATCH("Alltagsbegleitung [€/Stunde]",[1]Kundenübersicht!$E$3:$BA$3,FALSE),FALSE)),0),IFERROR(IF(I86="Hauswirtschaft",VLOOKUP($B86,[1]Kundenübersicht!$E$4:$BA$1003,MATCH("HW ab 2026 [€/Stunde]",[1]Kundenübersicht!$E$3:$BA$3,FALSE),FALSE),VLOOKUP($B86,[1]Kundenübersicht!$E$4:$BA$1003,MATCH("Alltagsbegleitung [€/Stunde]",[1]Kundenübersicht!$E$3:$BA$3,FALSE),FALSE)),0)) -> 32.75 | V86: =U86*F86 -> 65.5 | W86: =IF(AND(YEAR(C86)<=2025,X86="Alt"),0,G86*0.35) -> 0 | X86: =VLOOKUP(B86,[1]Kundenübersicht!E:AG,MATCH($X$3,[1]Kundenübersicht!$E$3:$AY$3,0),FALSE) -> Alt | Z86: Ja | AA86: 45950 | AC86: 45967 | AE86: =YEAR(C86) -> 2025 | AF86: =IF(MONTH(C86)<=9,"0"&MONTH(C86)&"."&YEAR(C86),MONTH(C86)&"."&YEAR(C86)) -> 08.2025 | AG86: =IF(H86="","",H86) -> Doreen Luzyna | AH86: =IFERROR(VLOOKUP(B86,[1]Kundenübersicht!$E$4:$F$85,2,FALSE),"") -> Ingrid Haufe | AI86: =IF(I86="","",I86) -> Hauswirtschaft | AJ86: =IF(J86="","",J86) -> Entlastungsleistung | AL86: =IF(I86="Hauswirtschaft",38,42) -> 38 | AM86: =AL86*F86 -> 76 | AN86: =G86*0.35 -> 0
B87: 00017|Matthias|Roß | C87: 45888 | D87: 0.33333333 | E87: 0.41666667 | F87: =(E87-D87)*24 -> 2 | H87: Christiane Fiebag | I87: Hauswirtschaft | J87: Entlastungsleistung | K87: =VLOOKUP($B87,[1]Kundenübersicht!$E$4:$AC$1003,MATCH(K$3,[1]Kundenübersicht!$E$3:$BA$3,FALSE),FALSE) -> AOK PLUS | L87: =VLOOKUP(B87,[1]Kundenübersicht!$E$4:$AC$1003,MATCH(L$3,[1]Kundenübersicht!$E$3:$BA$3,FALSE),FALSE) -> 107299005 | M87: =VLOOKUP(B87,[1]Kundenübersicht!$E$4:$AC$1003,MATCH(M$3,[1]Kundenübersicht!$E$3:$BA$3,FALSE),FALSE) -> G562042888 | N87: =VLOOKUP(B87,[1]Kundenübersicht!$E$4:$AC$1003,MATCH(N$3,[1]Kundenübersicht!$E$3:$BA$3,FALSE),FALSE) -> PG 2 | P87: Ja | R87: Unterschrieben | S87: Link | U87: =IF(YEAR(C87)<=2025,IFERROR(IF(I87="Hauswirtschaft",VLOOKUP($B87,[1]Kundenübersicht!$E$4:$BA$1003,MATCH("Hauswirtschaft [€/Stunde]",[1]Kundenübersicht!$E$3:$BA$3,FALSE),FALSE),VLOOKUP($B87,[1]Kundenübersicht!$E$4:$BA$1003,MATCH("Alltagsbegleitung [€/Stunde]",[1]Kundenübersicht!$E$3:$BA$3,FALSE),FALSE)),0),IFERROR(IF(I87="Hauswirtschaft",VLOOKUP($B87,[1]Kundenübersicht!$E$4:$BA$1003,MATCH("HW ab 2026 [€/Stunde]",[1]Kundenübersicht!$E$3:$BA$3,FALSE),FALSE),VLOOKUP($B87,[1]Kundenübersicht!$E$4:$BA$1003,MATCH("Alltagsbegleitung [€/Stunde]",[1]Kundenübersicht!$E$3:$BA$3,FALSE),FALSE)),0)) -> 32.75 | V87: =U87*F87 -> 65.5 | W87: =IF(AND(YEAR(C87)<=2025,X87="Alt"),0,G87*0.35) -> 0 | X87: =VLOOKUP(B87,[1]Kundenübersicht!E:AG,MATCH($X$3,[1]Kundenübersicht!$E$3:$AY$3,0),FALSE) -> Alt | Z87: Ja | AA87: 45922 | AC87: 46035 | AE87: =YEAR(C87) -> 2025 | AF87: =IF(MONTH(C87)<=9,"0"&MONTH(C87)&"."&YEAR(C87),MONTH(C87)&"."&YEAR(C87)) -> 08.2025 | AG87: =IF(H87="","",H87) -> Christiane Fiebag | AH87: =IFERROR(VLOOKUP(B87,[1]Kundenübersicht!$E$4:$F$85,2,FALSE),"") -> Matthias Roß | AI87: =IF(I87="","",I87) -> Hauswirtschaft | AJ87: =IF(J87="","",J87) -> Entlastungsleistung | AL87: =IF(I87="Hauswirtschaft",38,42) -> 38 | AM87: =AL87*F87 -> 76 | AN87: =G87*0.35 -> 0
B88: 00024|Ellenore|Lein | C88: 45889 | D88: 0.41666667 | E88: 0.45833333 | F88: =(E88-D88)*24 -> 1 | H88: Doreen Luzyna | I88: Hauswirtschaft | J88: Entlastungsleistung | K88: =VLOOKUP($B88,[1]Kundenübersicht!$E$4:$AC$1003,MATCH(K$3,[1]Kundenübersicht!$E$3:$BA$3,FALSE),FALSE) -> Techniker Krankenkasse | L88: =VLOOKUP(B88,[1]Kundenübersicht!$E$4:$AC$1003,MATCH(L$3,[1]Kundenübersicht!$E$3:$BA$3,FALSE),FALSE) -> 101575519 | M88: =VLOOKUP(B88,[1]Kundenübersicht!$E$4:$AC$1003,MATCH(M$3,[1]Kundenübersicht!$E$3:$BA$3,FALSE),FALSE) -> O824144952 | N88: =VLOOKUP(B88,[1]Kundenübersicht!$E$4:$AC$1003,MATCH(N$3,[1]Kundenübersicht!$E$3:$BA$3,FALSE),FALSE) -> PG 2 | P88: Ja | R88: Unterschrieben | S88: Link | U88: =IF(YEAR(C88)<=2025,IFERROR(IF(I88="Hauswirtschaft",VLOOKUP($B88,[1]Kundenübersicht!$E$4:$BA$1003,MATCH("Hauswirtschaft [€/Stunde]",[1]Kundenübersicht!$E$3:$BA$3,FALSE),FALSE),VLOOKUP($B88,[1]Kundenübersicht!$E$4:$BA$1003,MATCH("Alltagsbegleitung [€/Stunde]",[1]Kundenübersicht!$E$3:$BA$3,FALSE),FALSE)),0),IFERROR(IF(I88="Hauswirtschaft",VLOOKUP($B88,[1]Kundenübersicht!$E$4:$BA$1003,MATCH("HW ab 2026 [€/Stunde]",[1]Kundenübersicht!$E$3:$BA$3,FALSE),FALSE),VLOOKUP($B88,[1]Kundenübersicht!$E$4:$BA$1003,MATCH("Alltagsbegleitung [€/Stunde]",[1]Kundenübersicht!$E$3:$BA$3,FALSE),FALSE)),0)) -> 32.75 | V88: =U88*F88 -> 32.75 | W88: =IF(AND(YEAR(C88)<=2025,X88="Alt"),0,G88*0.35) -> 0 | X88: =VLOOKUP(B88,[1]Kundenübersicht!E:AG,MATCH($X$3,[1]Kundenübersicht!$E$3:$AY$3,0),FALSE) -> Alt | Z88: Ja | AA88: 45950 | AC88: 45986 | AE88: =YEAR(C88) -> 2025 | AF88: =IF(MONTH(C88)<=9,"0"&MONTH(C88)&"."&YEAR(C88),MONTH(C88)&"."&YEAR(C88)) -> 08.2025 | AG88: =IF(H88="","",H88) -> Doreen Luzyna | AH88: =IFERROR(VLOOKUP(B88,[1]Kundenübersicht!$E$4:$F$85,2,FALSE),"") -> Ellenore Lein | AI88: =IF(I88="","",I88) -> Hauswirtschaft | AJ88: =IF(J88="","",J88) -> Entlastungsleistung | AL88: =IF(I88="Hauswirtschaft",38,42) -> 38 | AM88: =AL88*F88 -> 38 | AN88: =G88*0.35 -> 0
B89: 00014|Inge|Leupold | C89: 45889 | D89: 0.33333333 | E89: 0.375 | F89: =(E89-D89)*24 -> 1 | H89: Manuela Richter | I89: Hauswirtschaft | J89: Entlastungsleistung | K89: =VLOOKUP($B89,[1]Kundenübersicht!$E$4:$AC$1003,MATCH(K$3,[1]Kundenübersicht!$E$3:$BA$3,FALSE),FALSE) -> AOK PLUS | L89: =VLOOKUP(B89,[1]Kundenübersicht!$E$4:$AC$1003,MATCH(L$3,[1]Kundenübersicht!$E$3:$BA$3,FALSE),FALSE) -> 107299005 | M89: =VLOOKUP(B89,[1]Kundenübersicht!$E$4:$AC$1003,MATCH(M$3,[1]Kundenübersicht!$E$3:$BA$3,FALSE),FALSE) -> I323820679 | N89: =VLOOKUP(B89,[1]Kundenübersicht!$E$4:$AC$1003,MATCH(N$3,[1]Kundenübersicht!$E$3:$BA$3,FALSE),FALSE) -> PG 1 | P89: Ja | R89: Unterschrieben | S89: Link | U89: =IF(YEAR(C89)<=2025,IFERROR(IF(I89="Hauswirtschaft",VLOOKUP($B89,[1]Kundenübersicht!$E$4:$BA$1003,MATCH("Hauswirtschaft [€/Stunde]",[1]Kundenübersicht!$E$3:$BA$3,FALSE),FALSE),VLOOKUP($B89,[1]Kundenübersicht!$E$4:$BA$1003,MATCH("Alltagsbegleitung [€/Stunde]",[1]Kundenübersicht!$E$3:$BA$3,FALSE),FALSE)),0),IFERROR(IF(I89="Hauswirtschaft",VLOOKUP($B89,[1]Kundenübersicht!$E$4:$BA$1003,MATCH("HW ab 2026 [€/Stunde]",[1]Kundenübersicht!$E$3:$BA$3,FALSE),FALSE),VLOOKUP($B89,[1]Kundenübersicht!$E$4:$BA$1003,MATCH("Alltagsbegleitung [€/Stunde]",[1]Kundenübersicht!$E$3:$BA$3,FALSE),FALSE)),0)) -> 32.75 | V89: =U89*F89 -> 32.75 | W89: =IF(AND(YEAR(C89)<=2025,X89="Alt"),0,G89*0.35) -> 0 | X89: =VLOOKUP(B89,[1]Kundenübersicht!E:AG,MATCH($X$3,[1]Kundenübersicht!$E$3:$AY$3,0),FALSE) -> Alt | Z89: Ja | AA89: 45922 | AC89: 46035 | AE89: =YEAR(C89) -> 2025 | AF89: =IF(MONTH(C89)<=9,"0"&MONTH(C89)&"."&YEAR(C89),MONTH(C89)&"."&YEAR(C89)) -> 08.2025 | AG89: =IF(H89="","",H89) -> Manuela Richter | AH89: =IFERROR(VLOOKUP(B89,[1]Kundenübersicht!$E$4:$F$85,2,FALSE),"") -> Inge Leupold | AI89: =IF(I89="","",I89) -> Hauswirtschaft | AJ89: =IF(J89="","",J89) -> Entlastungsleistung | AL89: =IF(I89="Hauswirtschaft",38,42) -> 38 | AM89: =AL89*F89 -> 38 | AN89: =G89*0.35 -> 0
B90: 00015|Hella|Reißig | C90: 45890 | D90: 0.60416667 | E90: 0.66666667 | F90: =(E90-D90)*24 -> 1.5 | H90: Manuela Richter | I90: Hauswirtschaft | J90: Entlastungsleistung | K90: KNAPPSCHAFT | L90: 109990508 | M90: F862750970 | N90: =VLOOKUP(B90,[1]Kundenübersicht!$E$4:$AC$1003,MATCH(N$3,[1]Kundenübersicht!$E$3:$BA$3,FALSE),FALSE) -> PG 1 | P90: Ja | R90: Unterschrieben | S90: Link | U90: =IF(YEAR(C90)<=2025,IFERROR(IF(I90="Hauswirtschaft",VLOOKUP($B90,[1]Kundenübersicht!$E$4:$BA$1003,MATCH("Hauswirtschaft [€/Stunde]",[1]Kundenübersicht!$E$3:$BA$3,FALSE),FALSE),VLOOKUP($B90,[1]Kundenübersicht!$E$4:$BA$1003,MATCH("Alltagsbegleitung [€/Stunde]",[1]Kundenübersicht!$E$3:$BA$3,FALSE),FALSE)),0),IFERROR(IF(I90="Hauswirtschaft",VLOOKUP($B90,[1]Kundenübersicht!$E$4:$BA$1003,MATCH("HW ab 2026 [€/Stunde]",[1]Kundenübersicht!$E$3:$BA$3,FALSE),FALSE),VLOOKUP($B90,[1]Kundenübersicht!$E$4:$BA$1003,MATCH("Alltagsbegleitung [€/Stunde]",[1]Kundenübersicht!$E$3:$BA$3,FALSE),FALSE)),0)) -> 32.75 | V90: =U90*F90 -> 49.125 | W90: =IF(AND(YEAR(C90)<=2025,X90="Alt"),0,G90*0.35) -> 0 | X90: =VLOOKUP(B90,[1]Kundenübersicht!E:AG,MATCH($X$3,[1]Kundenübersicht!$E$3:$AY$3,0),FALSE) -> Alt | Z90: Ja | AE90: =YEAR(C90) -> 2025 | AF90: =IF(MONTH(C90)<=9,"0"&MONTH(C90)&"."&YEAR(C90),MONTH(C90)&"."&YEAR(C90)) -> 08.2025 | AG90: =IF(H90="","",H90) -> Manuela Richter | AH90: =IFERROR(VLOOKUP(B90,[1]Kundenübersicht!$E$4:$F$85,2,FALSE),"") -> Hella Reißig | AI90: =IF(I90="","",I90) -> Hauswirtschaft | AJ90: =IF(J90="","",J90) -> Entlastungsleistung | AL90: =IF(I90="Hauswirtschaft",38,42) -> 38 | AM90: =AL90*F90 -> 57 | AN90: =G90*0.35 -> 0
B91: 00012|Lothar|Krawalski | C91: 45891 | D91: 0.58333333 | E91: 0.66666667 | F91: =(E91-D91)*24 -> 2 | H91: Manuela Richter | I91: Hauswirtschaft | J91: Entlastungsleistung | K91: =VLOOKUP($B91,[1]Kundenübersicht!$E$4:$AC$1003,MATCH(K$3,[1]Kundenübersicht!$E$3:$BA$3,FALSE),FALSE) -> AOK PLUS | L91: =VLOOKUP(B91,[1]Kundenübersicht!$E$4:$AC$1003,MATCH(L$3,[1]Kundenübersicht!$E$3:$BA$3,FALSE),FALSE) -> 107299005 | M91: =VLOOKUP(B91,[1]Kundenübersicht!$E$4:$AC$1003,MATCH(M$3,[1]Kundenübersicht!$E$3:$BA$3,FALSE),FALSE) -> L212281967 | N91: =VLOOKUP(B91,[1]Kundenübersicht!$E$4:$AC$1003,MATCH(N$3,[1]Kundenübersicht!$E$3:$BA$3,FALSE),FALSE) -> PG 1 | P91: Ja | R91: Unterschrieben | S91: Link | U91: =IF(YEAR(C91)<=2025,IFERROR(IF(I91="Hauswirtschaft",VLOOKUP($B91,[1]Kundenübersicht!$E$4:$BA$1003,MATCH("Hauswirtschaft [€/Stunde]",[1]Kundenübersicht!$E$3:$BA$3,FALSE),FALSE),VLOOKUP($B91,[1]Kundenübersicht!$E$4:$BA$1003,MATCH("Alltagsbegleitung [€/Stunde]",[1]Kundenübersicht!$E$3:$BA$3,FALSE),FALSE)),0),IFERROR(IF(I91="Hauswirtschaft",VLOOKUP($B91,[1]Kundenübersicht!$E$4:$BA$1003,MATCH("HW ab 2026 [€/Stunde]",[1]Kundenübersicht!$E$3:$BA$3,FALSE),FALSE),VLOOKUP($B91,[1]Kundenübersicht!$E$4:$BA$1003,MATCH("Alltagsbegleitung [€/Stunde]",[1]Kundenübersicht!$E$3:$BA$3,FALSE),FALSE)),0)) -> 32.75 | V91: =U91*F91 -> 65.5 | W91: =IF(AND(YEAR(C91)<=2025,X91="Alt"),0,G91*0.35) -> 0 | X91: =VLOOKUP(B91,[1]Kundenübersicht!E:AG,MATCH($X$3,[1]Kundenübersicht!$E$3:$AY$3,0),FALSE) -> Alt | Z91: Ja | AA91: 45922 | AC91: 46035 | AE91: =YEAR(C91) -> 2025 | AF91: =IF(MONTH(C91)<=9,"0"&MONTH(C91)&"."&YEAR(C91),MONTH(C91)&"."&YEAR(C91)) -> 08.2025 | AG91: =IF(H91="","",H91) -> Manuela Richter | AH91: =IFERROR(VLOOKUP(B91,[1]Kundenübersicht!$E$4:$F$85,2,FALSE),"") -> Lothar Krawalski | AI91: =IF(I91="","",I91) -> Hauswirtschaft | AJ91: =IF(J91="","",J91) -> Entlastungsleistung | AL91: =IF(I91="Hauswirtschaft",38,42) -> 38 | AM91: =AL91*F91 -> 76 | AN91: =G91*0.35 -> 0
B92: 00018|Gudrun|Hentschel | C92: 45895 | D92: 0.375 | E92: 0.5 | F92: =(E92-D92)*24 -> 3 | H92: Doreen Luzyna | I92: Hauswirtschaft | J92: Entlastungsleistung | K92: =VLOOKUP($B92,[1]Kundenübersicht!$E$4:$AC$1003,MATCH(K$3,[1]Kundenübersicht!$E$3:$BA$3,FALSE),FALSE) -> Barmer Pflegekasse | L92: =VLOOKUP(B92,[1]Kundenübersicht!$E$4:$AC$1003,MATCH(L$3,[1]Kundenübersicht!$E$3:$BA$3,FALSE),FALSE) -> 184940005 | M92: =VLOOKUP(B92,[1]Kundenübersicht!$E$4:$AC$1003,MATCH(M$3,[1]Kundenübersicht!$E$3:$BA$3,FALSE),FALSE) -> F006688944 | N92: =VLOOKUP(B92,[1]Kundenübersicht!$E$4:$AC$1003,MATCH(N$3,[1]Kundenübersicht!$E$3:$BA$3,FALSE),FALSE) -> PG 1 | P92: Ja | R92: Unterschrieben | S92: Link | U92: =IF(YEAR(C92)<=2025,IFERROR(IF(I92="Hauswirtschaft",VLOOKUP($B92,[1]Kundenübersicht!$E$4:$BA$1003,MATCH("Hauswirtschaft [€/Stunde]",[1]Kundenübersicht!$E$3:$BA$3,FALSE),FALSE),VLOOKUP($B92,[1]Kundenübersicht!$E$4:$BA$1003,MATCH("Alltagsbegleitung [€/Stunde]",[1]Kundenübersicht!$E$3:$BA$3,FALSE),FALSE)),0),IFERROR(IF(I92="Hauswirtschaft",VLOOKUP($B92,[1]Kundenübersicht!$E$4:$BA$1003,MATCH("HW ab 2026 [€/Stunde]",[1]Kundenübersicht!$E$3:$BA$3,FALSE),FALSE),VLOOKUP($B92,[1]Kundenübersicht!$E$4:$BA$1003,MATCH("Alltagsbegleitung [€/Stunde]",[1]Kundenübersicht!$E$3:$BA$3,FALSE),FALSE)),0)) -> 32.75 | V92: =U92*F92 -> 98.25 | W92: =IF(AND(YEAR(C92)<=2025,X92="Alt"),0,G92*0.35) -> 0 | X92: =VLOOKUP(B92,[1]Kundenübersicht!E:AG,MATCH($X$3,[1]Kundenübersicht!$E$3:$AY$3,0),FALSE) -> Alt | Z92: Ja | AA92: 45959 | AE92: =YEAR(C92) -> 2025 | AF92: =IF(MONTH(C92)<=9,"0"&MONTH(C92)&"."&YEAR(C92),MONTH(C92)&"."&YEAR(C92)) -> 08.2025 | AG92: =IF(H92="","",H92) -> Doreen Luzyna | AH92: =IFERROR(VLOOKUP(B92,[1]Kundenübersicht!$E$4:$F$85,2,FALSE),"") -> Gudrun Hentschel | AI92: =IF(I92="","",I92) -> Hauswirtschaft | AJ92: =IF(J92="","",J92) -> Entlastungsleistung | AL92: =IF(I92="Hauswirtschaft",38,42) -> 38 | AM92: =AL92*F92 -> 114 | AN92: =G92*0.35 -> 0
B93: 00025|Elke|Mühle | C93: 45895 | D93: 0.39583333 | E93: 0.4375 | F93: =(E93-D93)*24 -> 1 | H93: Doreen Luzyna | I93: Hauswirtschaft | J93: Entlastungsleistung | K93: =VLOOKUP($B93,[1]Kundenübersicht!$E$4:$AC$1003,MATCH(K$3,[1]Kundenübersicht!$E$3:$BA$3,FALSE),FALSE) -> AOK PLUS | L93: =VLOOKUP(B93,[1]Kundenübersicht!$E$4:$AC$1003,MATCH(L$3,[1]Kundenübersicht!$E$3:$BA$3,FALSE),FALSE) -> 107299005 | M93: =VLOOKUP(B93,[1]Kundenübersicht!$E$4:$AC$1003,MATCH(M$3,[1]Kundenübersicht!$E$3:$BA$3,FALSE),FALSE) -> F038854351 | N93: =VLOOKUP(B93,[1]Kundenübersicht!$E$4:$AC$1003,MATCH(N$3,[1]Kundenübersicht!$E$3:$BA$3,FALSE),FALSE) -> PG 3 | P93: Ja | R93: Unterschrieben | S93: Link | U93: =IF(YEAR(C93)<=2025,IFERROR(IF(I93="Hauswirtschaft",VLOOKUP($B93,[1]Kundenübersicht!$E$4:$BA$1003,MATCH("Hauswirtschaft [€/Stunde]",[1]Kundenübersicht!$E$3:$BA$3,FALSE),FALSE),VLOOKUP($B93,[1]Kundenübersicht!$E$4:$BA$1003,MATCH("Alltagsbegleitung [€/Stunde]",[1]Kundenübersicht!$E$3:$BA$3,FALSE),FALSE)),0),IFERROR(IF(I93="Hauswirtschaft",VLOOKUP($B93,[1]Kundenübersicht!$E$4:$BA$1003,MATCH("HW ab 2026 [€/Stunde]",[1]Kundenübersicht!$E$3:$BA$3,FALSE),FALSE),VLOOKUP($B93,[1]Kundenübersicht!$E$4:$BA$1003,MATCH("Alltagsbegleitung [€/Stunde]",[1]Kundenübersicht!$E$3:$BA$3,FALSE),FALSE)),0)) -> 32.75 | V93: =U93*F93 -> 32.75 | W93: =IF(AND(YEAR(C93)<=2025,X93="Alt"),0,G93*0.35) -> 0 | X93: =VLOOKUP(B93,[1]Kundenübersicht!E:AG,MATCH($X$3,[1]Kundenübersicht!$E$3:$AY$3,0),FALSE) -> Alt | Z93: Ja | AA93: 45922 | AC93: 46035 | AE93: =YEAR(C93) -> 2025 | AF93: =IF(MONTH(C93)<=9,"0"&MONTH(C93)&"."&YEAR(C93),MONTH(C93)&"."&YEAR(C93)) -> 08.2025 | AG93: =IF(H93="","",H93) -> Doreen Luzyna | AH93: =IFERROR(VLOOKUP(B93,[1]Kundenübersicht!$E$4:$F$85,2,FALSE),"") -> Elke Mühle | AI93: =IF(I93="","",I93) -> Hauswirtschaft | AJ93: =IF(J93="","",J93) -> Entlastungsleistung | AL93: =IF(I93="Hauswirtschaft",38,42) -> 38 | AM93: =AL93*F93 -> 38 | AN93: =G93*0.35 -> 0
B94: 00010|Helga|Dienelt | C94: 45895 | D94: 0.63541667 | E94: 0.67708333 | F94: =(E94-D94)*24 -> 1 | H94: Franziska Wächtler | I94: Alltagsbegleitung | J94: Entlastungsleistung | K94: =VLOOKUP($B94,[1]Kundenübersicht!$E$4:$AC$1003,MATCH(K$3,[1]Kundenübersicht!$E$3:$BA$3,FALSE),FALSE) -> AOK PLUS | L94: =VLOOKUP(B94,[1]Kundenübersicht!$E$4:$AC$1003,MATCH(L$3,[1]Kundenübersicht!$E$3:$BA$3,FALSE),FALSE) -> 107299005 | M94: =VLOOKUP(B94,[1]Kundenübersicht!$E$4:$AC$1003,MATCH(M$3,[1]Kundenübersicht!$E$3:$BA$3,FALSE),FALSE) -> Q445657677 | N94: =VLOOKUP(B94,[1]Kundenübersicht!$E$4:$AC$1003,MATCH(N$3,[1]Kundenübersicht!$E$3:$BA$3,FALSE),FALSE) -> PG 2 | P94: Ja | R94: Unterschrieben | S94: Link | U94: =IF(YEAR(C94)<=2025,IFERROR(IF(I94="Hauswirtschaft",VLOOKUP($B94,[1]Kundenübersicht!$E$4:$BA$1003,MATCH("Hauswirtschaft [€/Stunde]",[1]Kundenübersicht!$E$3:$BA$3,FALSE),FALSE),VLOOKUP($B94,[1]Kundenübersicht!$E$4:$BA$1003,MATCH("Alltagsbegleitung [€/Stunde]",[1]Kundenübersicht!$E$3:$BA$3,FALSE),FALSE)),0),IFERROR(IF(I94="Hauswirtschaft",VLOOKUP($B94,[1]Kundenübersicht!$E$4:$BA$1003,MATCH("HW ab 2026 [€/Stunde]",[1]Kundenübersicht!$E$3:$BA$3,FALSE),FALSE),VLOOKUP($B94,[1]Kundenübersicht!$E$4:$BA$1003,MATCH("Alltagsbegleitung [€/Stunde]",[1]Kundenübersicht!$E$3:$BA$3,FALSE),FALSE)),0)) -> 42 | V94: =U94*F94 -> 42 | W94: =IF(AND(YEAR(C94)<=2025,X94="Alt"),0,G94*0.35) -> 0 | X94: =VLOOKUP(B94,[1]Kundenübersicht!E:AG,MATCH($X$3,[1]Kundenübersicht!$E$3:$AY$3,0),FALSE) -> Alt | Z94: Ja | AA94: 45922 | AC94: 46035 | AE94: =YEAR(C94) -> 2025 | AF94: =IF(MONTH(C94)<=9,"0"&MONTH(C94)&"."&YEAR(C94),MONTH(C94)&"."&YEAR(C94)) -> 08.2025 | AG94: =IF(H94="","",H94) -> Franziska Wächtler | AH94: =IFERROR(VLOOKUP(B94,[1]Kundenübersicht!$E$4:$F$85,2,FALSE),"") -> Helga Dienelt | AI94: =IF(I94="","",I94) -> Alltagsbegleitung | AJ94: =IF(J94="","",J94) -> Entlastungsleistung | AL94: =IF(I94="Hauswirtschaft",38,42) -> 42 | AM94: =AL94*F94 -> 42 | AN94: =G94*0.35 -> 0
B95: 00023|Hannelore|Köhler | C95: 45896 | D95: 0.375 | E95: 0.45833333 | F95: =(E95-D95)*24 -> 2 | H95: Doreen Luzyna | I95: Hauswirtschaft | J95: Entlastungsleistung | K95: =VLOOKUP($B95,[1]Kundenübersicht!$E$4:$AC$1003,MATCH(K$3,[1]Kundenübersicht!$E$3:$BA$3,FALSE),FALSE) -> IKK Classic | L95: =VLOOKUP(B95,[1]Kundenübersicht!$E$4:$AC$1003,MATCH(L$3,[1]Kundenübersicht!$E$3:$BA$3,FALSE),FALSE) -> 187202793 | M95: =VLOOKUP(B95,[1]Kundenübersicht!$E$4:$AC$1003,MATCH(M$3,[1]Kundenübersicht!$E$3:$BA$3,FALSE),FALSE) -> D629015744 | N95: =VLOOKUP(B95,[1]Kundenübersicht!$E$4:$AC$1003,MATCH(N$3,[1]Kundenübersicht!$E$3:$BA$3,FALSE),FALSE) -> PG 2 | P95: Ja | R95: Unterschrieben | S95: Link | U95: =IF(YEAR(C95)<=2025,IFERROR(IF(I95="Hauswirtschaft",VLOOKUP($B95,[1]Kundenübersicht!$E$4:$BA$1003,MATCH("Hauswirtschaft [€/Stunde]",[1]Kundenübersicht!$E$3:$BA$3,FALSE),FALSE),VLOOKUP($B95,[1]Kundenübersicht!$E$4:$BA$1003,MATCH("Alltagsbegleitung [€/Stunde]",[1]Kundenübersicht!$E$3:$BA$3,FALSE),FALSE)),0),IFERROR(IF(I95="Hauswirtschaft",VLOOKUP($B95,[1]Kundenübersicht!$E$4:$BA$1003,MATCH("HW ab 2026 [€/Stunde]",[1]Kundenübersicht!$E$3:$BA$3,FALSE),FALSE),VLOOKUP($B95,[1]Kundenübersicht!$E$4:$BA$1003,MATCH("Alltagsbegleitung [€/Stunde]",[1]Kundenübersicht!$E$3:$BA$3,FALSE),FALSE)),0)) -> 32.75 | V95: =U95*F95 -> 65.5 | W95: =IF(AND(YEAR(C95)<=2025,X95="Alt"),0,G95*0.35) -> 0 | X95: =VLOOKUP(B95,[1]Kundenübersicht!E:AG,MATCH($X$3,[1]Kundenübersicht!$E$3:$AY$3,0),FALSE) -> Alt | Z95: Ja | AA95: 45950 | AC95: 45967 | AE95: =YEAR(C95) -> 2025 | AF95: =IF(MONTH(C95)<=9,"0"&MONTH(C95)&"."&YEAR(C95),MONTH(C95)&"."&YEAR(C95)) -> 08.2025 | AG95: =IF(H95="","",H95) -> Doreen Luzyna | AH95: =IFERROR(VLOOKUP(B95,[1]Kundenübersicht!$E$4:$F$85,2,FALSE),"") -> Hannelore Köhler | AI95: =IF(I95="","",I95) -> Hauswirtschaft | AJ95: =IF(J95="","",J95) -> Entlastungsleistung | AL95: =IF(I95="Hauswirtschaft",38,42) -> 38 | AM95: =AL95*F95 -> 76 | AN95: =G95*0.35 -> 0
B96: 00013|Rita|Neubert | C96: 45897 | D96: 0.60416667 | E96: 0.64583333 | F96: =(E96-D96)*24 -> 1 | H96: Manuela Richter | I96: Hauswirtschaft | J96: Entlastungsleistung | K96: =VLOOKUP($B96,[1]Kundenübersicht!$E$4:$AC$1003,MATCH(K$3,[1]Kundenübersicht!$E$3:$BA$3,FALSE),FALSE) -> AOK PLUS | L96: =VLOOKUP(B96,[1]Kundenübersicht!$E$4:$AC$1003,MATCH(L$3,[1]Kundenübersicht!$E$3:$BA$3,FALSE),FALSE) -> 107299005 | M96: =VLOOKUP(B96,[1]Kundenübersicht!$E$4:$AC$1003,MATCH(M$3,[1]Kundenübersicht!$E$3:$BA$3,FALSE),FALSE) -> T309560658 | N96: =VLOOKUP(B96,[1]Kundenübersicht!$E$4:$AC$1003,MATCH(N$3,[1]Kundenübersicht!$E$3:$BA$3,FALSE),FALSE) -> PG 2 | P96: Ja | R96: Unterschrieben | S96: Link | U96: =IF(YEAR(C96)<=2025,IFERROR(IF(I96="Hauswirtschaft",VLOOKUP($B96,[1]Kundenübersicht!$E$4:$BA$1003,MATCH("Hauswirtschaft [€/Stunde]",[1]Kundenübersicht!$E$3:$BA$3,FALSE),FALSE),VLOOKUP($B96,[1]Kundenübersicht!$E$4:$BA$1003,MATCH("Alltagsbegleitung [€/Stunde]",[1]Kundenübersicht!$E$3:$BA$3,FALSE),FALSE)),0),IFERROR(IF(I96="Hauswirtschaft",VLOOKUP($B96,[1]Kundenübersicht!$E$4:$BA$1003,MATCH("HW ab 2026 [€/Stunde]",[1]Kundenübersicht!$E$3:$BA$3,FALSE),FALSE),VLOOKUP($B96,[1]Kundenübersicht!$E$4:$BA$1003,MATCH("Alltagsbegleitung [€/Stunde]",[1]Kundenübersicht!$E$3:$BA$3,FALSE),FALSE)),0)) -> 32.75 | V96: =U96*F96 -> 32.75 | W96: =IF(AND(YEAR(C96)<=2025,X96="Alt"),0,G96*0.35) -> 0 | X96: =VLOOKUP(B96,[1]Kundenübersicht!E:AG,MATCH($X$3,[1]Kundenübersicht!$E$3:$AY$3,0),FALSE) -> Alt | Z96: Ja | AA96: 45922 | AC96: 46045 | AE96: =YEAR(C96) -> 2025 | AF96: =IF(MONTH(C96)<=9,"0"&MONTH(C96)&"."&YEAR(C96),MONTH(C96)&"."&YEAR(C96)) -> 08.2025 | AG96: =IF(H96="","",H96) -> Manuela Richter | AH96: =IFERROR(VLOOKUP(B96,[1]Kundenübersicht!$E$4:$F$85,2,FALSE),"") -> Rita Neubert | AI96: =IF(I96="","",I96) -> Hauswirtschaft | AJ96: =IF(J96="","",J96) -> Entlastungsleistung | AL96: =IF(I96="Hauswirtschaft",38,42) -> 38 | AM96: =AL96*F96 -> 38 | AN96: =G96*0.35 -> 0
B97: 00015|Hella|Reißig | C97: 45897 | D97: 0.65625 | E97: 0.71875 | F97: =(E97-D97)*24 -> 1.5 | H97: Manuela Richter | I97: Hauswirtschaft | J97: Entlastungsleistung | K97: KNAPPSCHAFT | L97: 109990508 | M97: F862750970 | N97: =VLOOKUP(B97,[1]Kundenübersicht!$E$4:$AC$1003,MATCH(N$3,[1]Kundenübersicht!$E$3:$BA$3,FALSE),FALSE) -> PG 1 | P97: Ja | R97: Unterschrieben | S97: Link | U97: =IF(YEAR(C97)<=2025,IFERROR(IF(I97="Hauswirtschaft",VLOOKUP($B97,[1]Kundenübersicht!$E$4:$BA$1003,MATCH("Hauswirtschaft [€/Stunde]",[1]Kundenübersicht!$E$3:$BA$3,FALSE),FALSE),VLOOKUP($B97,[1]Kundenübersicht!$E$4:$BA$1003,MATCH("Alltagsbegleitung [€/Stunde]",[1]Kundenübersicht!$E$3:$BA$3,FALSE),FALSE)),0),IFERROR(IF(I97="Hauswirtschaft",VLOOKUP($B97,[1]Kundenübersicht!$E$4:$BA$1003,MATCH("HW ab 2026 [€/Stunde]",[1]Kundenübersicht!$E$3:$BA$3,FALSE),FALSE),VLOOKUP($B97,[1]Kundenübersicht!$E$4:$BA$1003,MATCH("Alltagsbegleitung [€/Stunde]",[1]Kundenübersicht!$E$3:$BA$3,FALSE),FALSE)),0)) -> 32.75 | V97: =U97*F97 -> 49.125 | W97: =IF(AND(YEAR(C97)<=2025,X97="Alt"),0,G97*0.35) -> 0 | X97: =VLOOKUP(B97,[1]Kundenübersicht!E:AG,MATCH($X$3,[1]Kundenübersicht!$E$3:$AY$3,0),FALSE) -> Alt | Z97: Ja | AE97: =YEAR(C97) -> 2025 | AF97: =IF(MONTH(C97)<=9,"0"&MONTH(C97)&"."&YEAR(C97),MONTH(C97)&"."&YEAR(C97)) -> 08.2025 | AG97: =IF(H97="","",H97) -> Manuela Richter | AH97: =IFERROR(VLOOKUP(B97,[1]Kundenübersicht!$E$4:$F$85,2,FALSE),"") -> Hella Reißig | AI97: =IF(I97="","",I97) -> Hauswirtschaft | AJ97: =IF(J97="","",J97) -> Entlastungsleistung | AL97: =IF(I97="Hauswirtschaft",38,42) -> 38 | AM97: =AL97*F97 -> 57 | AN97: =G97*0.35 -> 0
B98: 00028|Joachim|Röder | C98: 45898 | D98: 0.375 | E98: 0.45833333 | F98: =(E98-D98)*24 -> 2 | H98: Doreen Luzyna | I98: Hauswirtschaft | J98: Entlastungsleistung | K98: =VLOOKUP($B98,[1]Kundenübersicht!$E$4:$AC$1003,MATCH(K$3,[1]Kundenübersicht!$E$3:$BA$3,FALSE),FALSE) -> Techniker Krankenkasse | L98: =VLOOKUP(B98,[1]Kundenübersicht!$E$4:$AC$1003,MATCH(L$3,[1]Kundenübersicht!$E$3:$BA$3,FALSE),FALSE) -> 101575519 | M98: =VLOOKUP(B98,[1]Kundenübersicht!$E$4:$AC$1003,MATCH(M$3,[1]Kundenübersicht!$E$3:$BA$3,FALSE),FALSE) -> O816601650 | N98: =VLOOKUP(B98,[1]Kundenübersicht!$E$4:$AC$1003,MATCH(N$3,[1]Kundenübersicht!$E$3:$BA$3,FALSE),FALSE) -> PG 2 | P98: Ja | R98: Unterschrieben | S98: Link | U98: =IF(YEAR(C98)<=2025,IFERROR(IF(I98="Hauswirtschaft",VLOOKUP($B98,[1]Kundenübersicht!$E$4:$BA$1003,MATCH("Hauswirtschaft [€/Stunde]",[1]Kundenübersicht!$E$3:$BA$3,FALSE),FALSE),VLOOKUP($B98,[1]Kundenübersicht!$E$4:$BA$1003,MATCH("Alltagsbegleitung [€/Stunde]",[1]Kundenübersicht!$E$3:$BA$3,FALSE),FALSE)),0),IFERROR(IF(I98="Hauswirtschaft",VLOOKUP($B98,[1]Kundenübersicht!$E$4:$BA$1003,MATCH("HW ab 2026 [€/Stunde]",[1]Kundenübersicht!$E$3:$BA$3,FALSE),FALSE),VLOOKUP($B98,[1]Kundenübersicht!$E$4:$BA$1003,MATCH("Alltagsbegleitung [€/Stunde]",[1]Kundenübersicht!$E$3:$BA$3,FALSE),FALSE)),0)) -> 32.75 | V98: =U98*F98 -> 65.5 | W98: =IF(AND(YEAR(C98)<=2025,X98="Alt"),0,G98*0.35) -> 0 | X98: =VLOOKUP(B98,[1]Kundenübersicht!E:AG,MATCH($X$3,[1]Kundenübersicht!$E$3:$AY$3,0),FALSE) -> Alt | Z98: Ja | AA98: 45950 | AC98: 45986 | AE98: =YEAR(C98) -> 2025 | AF98: =IF(MONTH(C98)<=9,"0"&MONTH(C98)&"."&YEAR(C98),MONTH(C98)&"."&YEAR(C98)) -> 08.2025 | AG98: =IF(H98="","",H98) -> Doreen Luzyna | AH98: =IFERROR(VLOOKUP(B98,[1]Kundenübersicht!$E$4:$F$85,2,FALSE),"") -> Joachim Röder | AI98: =IF(I98="","",I98) -> Hauswirtschaft | AJ98: =IF(J98="","",J98) -> Entlastungsleistung | AL98: =IF(I98="Hauswirtschaft",38,42) -> 38 | AM98: =AL98*F98 -> 76 | AN98: =G98*0.35 -> 0
B99: 00012|Lothar|Krawalski | C99: 45898 | D99: 0.58333333 | E99: 0.66666667 | F99: =(E99-D99)*24 -> 2 | H99: Manuela Richter | I99: Hauswirtschaft | J99: Entlastungsleistung | K99: =VLOOKUP($B99,[1]Kundenübersicht!$E$4:$AC$1003,MATCH(K$3,[1]Kundenübersicht!$E$3:$BA$3,FALSE),FALSE) -> AOK PLUS | L99: =VLOOKUP(B99,[1]Kundenübersicht!$E$4:$AC$1003,MATCH(L$3,[1]Kundenübersicht!$E$3:$BA$3,FALSE),FALSE) -> 107299005 | M99: =VLOOKUP(B99,[1]Kundenübersicht!$E$4:$AC$1003,MATCH(M$3,[1]Kundenübersicht!$E$3:$BA$3,FALSE),FALSE) -> L212281967 | N99: =VLOOKUP(B99,[1]Kundenübersicht!$E$4:$AC$1003,MATCH(N$3,[1]Kundenübersicht!$E$3:$BA$3,FALSE),FALSE) -> PG 1 | P99: Ja | R99: Unterschrieben | S99: Link | U99: =IF(YEAR(C99)<=2025,IFERROR(IF(I99="Hauswirtschaft",VLOOKUP($B99,[1]Kundenübersicht!$E$4:$BA$1003,MATCH("Hauswirtschaft [€/Stunde]",[1]Kundenübersicht!$E$3:$BA$3,FALSE),FALSE),VLOOKUP($B99,[1]Kundenübersicht!$E$4:$BA$1003,MATCH("Alltagsbegleitung [€/Stunde]",[1]Kundenübersicht!$E$3:$BA$3,FALSE),FALSE)),0),IFERROR(IF(I99="Hauswirtschaft",VLOOKUP($B99,[1]Kundenübersicht!$E$4:$BA$1003,MATCH("HW ab 2026 [€/Stunde]",[1]Kundenübersicht!$E$3:$BA$3,FALSE),FALSE),VLOOKUP($B99,[1]Kundenübersicht!$E$4:$BA$1003,MATCH("Alltagsbegleitung [€/Stunde]",[1]Kundenübersicht!$E$3:$BA$3,FALSE),FALSE)),0)) -> 32.75 | V99: =U99*F99 -> 65.5 | W99: =IF(AND(YEAR(C99)<=2025,X99="Alt"),0,G99*0.35) -> 0 | X99: =VLOOKUP(B99,[1]Kundenübersicht!E:AG,MATCH($X$3,[1]Kundenübersicht!$E$3:$AY$3,0),FALSE) -> Alt | Z99: Ja | AA99: 45922 | AC99: 46035 | AE99: =YEAR(C99) -> 2025 | AF99: =IF(MONTH(C99)<=9,"0"&MONTH(C99)&"."&YEAR(C99),MONTH(C99)&"."&YEAR(C99)) -> 08.2025 | AG99: =IF(H99="","",H99) -> Manuela Richter | AH99: =IFERROR(VLOOKUP(B99,[1]Kundenübersicht!$E$4:$F$85,2,FALSE),"") -> Lothar Krawalski | AI99: =IF(I99="","",I99) -> Hauswirtschaft | AJ99: =IF(J99="","",J99) -> Entlastungsleistung | AL99: =IF(I99="Hauswirtschaft",38,42) -> 38 | AM99: =AL99*F99 -> 76 | AN99: =G99*0.35 -> 0
B100: 00008|Christian|Jungnickel | C100: 45901 | D100: 0.375 | E100: 0.4375 | F100: =(E100-D100)*24 -> 1.5 | H100: Christiane Fiebag | I100: Hauswirtschaft | J100: Entlastungsleistung | K100: =VLOOKUP($B100,[1]Kundenübersicht!$E$4:$AC$1003,MATCH(K$3,[1]Kundenübersicht!$E$3:$BA$3,FALSE),FALSE) -> AOK PLUS | L100: =VLOOKUP(B100,[1]Kundenübersicht!$E$4:$AC$1003,MATCH(L$3,[1]Kundenübersicht!$E$3:$BA$3,FALSE),FALSE) -> 107299005 | M100: =VLOOKUP(B100,[1]Kundenübersicht!$E$4:$AC$1003,MATCH(M$3,[1]Kundenübersicht!$E$3:$BA$3,FALSE),FALSE) -> R782602114 | N100: =VLOOKUP(B100,[1]Kundenübersicht!$E$4:$AC$1003,MATCH(N$3,[1]Kundenübersicht!$E$3:$BA$3,FALSE),FALSE) -> PG 1 | P100: Ja | R100: Unterschrieben | S100: Link | U100: =IF(YEAR(C100)<=2025,IFERROR(IF(I100="Hauswirtschaft",VLOOKUP($B100,[1]Kundenübersicht!$E$4:$BA$1003,MATCH("Hauswirtschaft [€/Stunde]",[1]Kundenübersicht!$E$3:$BA$3,FALSE),FALSE),VLOOKUP($B100,[1]Kundenübersicht!$E$4:$BA$1003,MATCH("Alltagsbegleitung [€/Stunde]",[1]Kundenübersicht!$E$3:$BA$3,FALSE),FALSE)),0),IFERROR(IF(I100="Hauswirtschaft",VLOOKUP($B100,[1]Kundenübersicht!$E$4:$BA$1003,MATCH("HW ab 2026 [€/Stunde]",[1]Kundenübersicht!$E$3:$BA$3,FALSE),FALSE),VLOOKUP($B100,[1]Kundenübersicht!$E$4:$BA$1003,MATCH("Alltagsbegleitung [€/Stunde]",[1]Kundenübersicht!$E$3:$BA$3,FALSE),FALSE)),0)) -> 32.75 | V100: =U100*F100 -> 49.125 | W100: =IF(AND(YEAR(C100)<=2025,X100="Alt"),0,G100*0.35) -> 0 | X100: =VLOOKUP(B100,[1]Kundenübersicht!E:AG,MATCH($X$3,[1]Kundenübersicht!$E$3:$AY$3,0),FALSE) -> Alt | Z100: =IF(AA100<>"","Ja","Nein") -> Ja | AA100: 45950 | AC100: 45975 | AE100: =YEAR(C100) -> 2025 | AF100: =IF(MONTH(C100)<=9,"0"&MONTH(C100)&"."&YEAR(C100),MONTH(C100)&"."&YEAR(C100)) -> 09.2025 | AG100: =IF(H100="","",H100) -> Christiane Fiebag | AH100: =IFERROR(VLOOKUP(B100,[1]Kundenübersicht!$E$4:$F$85,2,FALSE),"") -> Christian Jungnickel | AI100: =IF(I100="","",I100) -> Hauswirtschaft | AJ100: =IF(J100="","",J100) -> Entlastungsleistung | AL100: =IF(I100="Hauswirtschaft",38,42) -> 38 | AM100: =AL100*F100 -> 57 | AN100: =G100*0.35 -> 0
B101: 00006|Dieter|Berghold | C101: 45901 | D101: 0.45833333 | E101: 0.54166667 | F101: =(E101-D101)*24 -> 2 | H101: Christiane Fiebag | I101: Hauswirtschaft | J101: Entlastungsleistung | K101: =VLOOKUP($B101,[1]Kundenübersicht!$E$4:$AC$1003,MATCH(K$3,[1]Kundenübersicht!$E$3:$BA$3,FALSE),FALSE) -> AOK PLUS | L101: =VLOOKUP(B101,[1]Kundenübersicht!$E$4:$AC$1003,MATCH(L$3,[1]Kundenübersicht!$E$3:$BA$3,FALSE),FALSE) -> 107299005 | M101: =VLOOKUP(B101,[1]Kundenübersicht!$E$4:$AC$1003,MATCH(M$3,[1]Kundenübersicht!$E$3:$BA$3,FALSE),FALSE) -> R234942678 | N101: =VLOOKUP(B101,[1]Kundenübersicht!$E$4:$AC$1003,MATCH(N$3,[1]Kundenübersicht!$E$3:$BA$3,FALSE),FALSE) -> PG 2 | P101: Ja | R101: Unterschrieben | S101: Link | U101: =IF(YEAR(C101)<=2025,IFERROR(IF(I101="Hauswirtschaft",VLOOKUP($B101,[1]Kundenübersicht!$E$4:$BA$1003,MATCH("Hauswirtschaft [€/Stunde]",[1]Kundenübersicht!$E$3:$BA$3,FALSE),FALSE),VLOOKUP($B101,[1]Kundenübersicht!$E$4:$BA$1003,MATCH("Alltagsbegleitung [€/Stunde]",[1]Kundenübersicht!$E$3:$BA$3,FALSE),FALSE)),0),IFERROR(IF(I101="Hauswirtschaft",VLOOKUP($B101,[1]Kundenübersicht!$E$4:$BA$1003,MATCH("HW ab 2026 [€/Stunde]",[1]Kundenübersicht!$E$3:$BA$3,FALSE),FALSE),VLOOKUP($B101,[1]Kundenübersicht!$E$4:$BA$1003,MATCH("Alltagsbegleitung [€/Stunde]",[1]Kundenübersicht!$E$3:$BA$3,FALSE),FALSE)),0)) -> 32.75 | V101: =U101*F101 -> 65.5 | W101: =IF(AND(YEAR(C101)<=2025,X101="Alt"),0,G101*0.35) -> 0 | X101: =VLOOKUP(B101,[1]Kundenübersicht!E:AG,MATCH($X$3,[1]Kundenübersicht!$E$3:$AY$3,0),FALSE) -> Alt | Z101: =IF(AA101<>"","Ja","Nein") -> Ja | AA101: 45950 | AC101: 45975 | AE101: =YEAR(C101) -> 2025 | AF101: =IF(MONTH(C101)<=9,"0"&MONTH(C101)&"."&YEAR(C101),MONTH(C101)&"."&YEAR(C101)) -> 09.2025 | AG101: =IF(H101="","",H101) -> Christiane Fiebag | AH101: =IFERROR(VLOOKUP(B101,[1]Kundenübersicht!$E$4:$F$85,2,FALSE),"") -> Dieter Berghold | AI101: =IF(I101="","",I101) -> Hauswirtschaft | AJ101: =IF(J101="","",J101) -> Entlastungsleistung | AL101: =IF(I101="Hauswirtschaft",38,42) -> 38 | AM101: =AL101*F101 -> 76 | AN101: =G101*0.35 -> 0
...
